Issue key,Issue id,Summary,Fix versions,Fix versions,Fix versions,Status,Created,Updated,Priority,Resolution,Affects versions,Affects versions,Affects versions,Security Level,Labels,Labels,Labels,Labels,Issue Type
NAS-136335,123088,Password managers intermittent recognition of user/pass fields in WebUI login,SCALE-25.10.0 (Goldeye),SCALE-25.10-RC.1 (Goldeye),SCALE-26.04-ALPHA.1 (Halfmoon),Done,16/Jun/25 12:05 AM,16/Sep/25 3:55 PM,Low,Complete,SCALE-25.04.1 (Fangtooth),,,,COMMUNITY_USER,es-backlog,ready_for_assignment,,Bug
NAS-137502,125766,Error upgradeing from TrueNAS 25.04.2.4 to 25.10b,SCALE-25.10.0 (Goldeye),SCALE-25.10-RC.1 (Goldeye),SCALE-26.04-ALPHA.1 (Halfmoon),Done,10/Sep/25 2:53 PM,16/Sep/25 6:20 AM,Blocker,Complete,SCALE-25.04.2.4 (Fangtooth),SCALE-25.10-BETA.1 (Goldeye),,iX Private,COMMUNITY_USER,ready_for_assignment,,,Bug
NAS-137095,124788,SMBD process can get stuck in loop while issuing ioctls to alternate data streams,SCALE-25.04.2.4 (Fangtooth),SCALE-25.10-RC.1 (Goldeye),,Done,11/Aug/25 6:00 AM,15/Sep/25 6:52 PM,High,Complete,SCALE-25.04.1 (Fangtooth),SCALE-25.04.2 (Fangtooth),,,COMMUNITY_USER,hf_want,ready_for_assignment,,Bug
NAS-137507,125776,Changing Update Profile on System -> Update page does not refresh page,SCALE-25.10.0 (Goldeye),SCALE-25.10-RC.1 (Goldeye),SCALE-26.04-ALPHA.1 (Halfmoon),Done,10/Sep/25 5:20 PM,12/Sep/25 12:45 PM,Medium,Complete,SCALE-25.10-BETA.1 (Goldeye),,,,IX_EMPLOYEE,Other,,,Bug
NAS-137520,125801,IPMI network configuration can't be saved,SCALE-25.10.0 (Goldeye),SCALE-25.10-RC.1 (Goldeye),SCALE-26.04-ALPHA.1 (Halfmoon),Done,11/Sep/25 3:42 PM,12/Sep/25 9:12 AM,High,Complete,SCALE-25.04.2.4 (Fangtooth),,,iX Private,IX_EMPLOYEE,,,,Bug
NAS-137315,125272,adapt UI to remote syslog API changes,SCALE-25.10-RC.1 (Goldeye),SCALE-26.04-ALPHA.1 (Halfmoon),,Done,26/Aug/25 2:24 PM,12/Sep/25 8:40 AM,High,Complete,,,,,doc_impact,IX_EMPLOYEE,release_notes_mention,tests_impact,New Feature
NAS-137395,125486,NVMeOF UI page needs to default to 4420 (see linked mw ticket),SCALE-25.10-RC.1 (Goldeye),SCALE-26.04-ALPHA.1 (Halfmoon),,Done,02/Sep/25 10:48 AM,12/Sep/25 8:22 AM,High,Complete,SCALE-25.10-BETA.1 (Goldeye),,,,doc_impact,IX_EMPLOYEE,tests_impact,,Improvement
NAS-137397,125495,Secure boot is only a create time attribute for VMs,SCALE-25.10-RC.1 (Goldeye),SCALE-26.04-ALPHA.1 (Halfmoon),SCALE-26.04-BETA.1 (Halfmoon),Done,02/Sep/25 12:40 PM,12/Sep/25 8:20 AM,Medium,Complete,,,,,doc_impact,IX_EMPLOYEE,,,Improvement
NAS-137505,125774,Fix error when handling PAM failures,SCALE-25.10-RC.1 (Goldeye),SCALE-26.04-ALPHA.1 (Halfmoon),,Done,10/Sep/25 3:53 PM,12/Sep/25 8:16 AM,High,Complete,SCALE-26.04-ALPHA.1 (Halfmoon),,,iX Private,IX_EMPLOYEE,,,,Defect
NAS-137443,125611,Remove legacy Users page and rename new one,SCALE-25.10-RC.1 (Goldeye),SCALE-26.04-ALPHA.1 (Halfmoon),,Done,05/Sep/25 8:51 AM,12/Sep/25 8:08 AM,High,Complete,SCALE-26.04-ALPHA.1 (Halfmoon),,,iX Private,doc_impact,IX_EMPLOYEE,,,Defect
NAS-137249,125120,allow MPIO config for FC,SCALE-25.10-RC.1 (Goldeye),SCALE-26.04-ALPHA.1 (Halfmoon),,Done,21/Aug/25 7:14 AM,11/Sep/25 2:47 PM,High,Complete,SCALE-25.04.2.3 (Fangtooth),,,,IX_EMPLOYEE,,,,Improvement
NAS-137047,124709,sysfs_parameters: Use relative_to for clean structure,SCALE-25.10.0 (Goldeye),SCALE-25.10-RC.1 (Goldeye),SCALE-26.04-ALPHA.1 (Halfmoon),Done,06/Aug/25 9:51 AM,11/Sep/25 1:11 PM,Medium,Complete,SCALE-26.04-ALPHA.1 (Halfmoon),,,iX Private,IX_EMPLOYEE,,,,Defect
NAS-136934,124494,Investigate Kernel Panic Logging Mechanisms,SCALE-25.10.0 (Goldeye),SCALE-25.10-RC.1 (Goldeye),SCALE-26.04-ALPHA.1 (Halfmoon),Done,31/Jul/25 12:56 PM,11/Sep/25 1:09 PM,High,Complete,,,,iX Private,IX_EMPLOYEE,,,,Improvement
NAS-137513,125788,branch for 25.10-RC.1,SCALE-25.10-RC.1 (Goldeye),,,Done,11/Sep/25 8:27 AM,11/Sep/25 8:30 AM,Blocker,Complete,SCALE-25.10-RC.1 (Goldeye),,,iX Private,IX_EMPLOYEE,,,,Defect
NAS-137512,125787,Prevent other plugins from using TNC cert,SCALE-25.10-RC.1 (Goldeye),SCALE-26.04-ALPHA.1 (Halfmoon),,Done,11/Sep/25 6:48 AM,11/Sep/25 8:23 AM,Medium,Complete,SCALE-26.04-ALPHA.1 (Halfmoon),,,iX Private,IX_EMPLOYEE,,,,Defect
NAS-137306,125257,Use TNC SSL Certificate separately only for its own domain,SCALE-25.10-RC.1 (Goldeye),SCALE-26.04-ALPHA.1 (Halfmoon),,Done,26/Aug/25 10:20 AM,11/Sep/25 8:22 AM,High,Complete,,,,iX Private,IX_EMPLOYEE,,,,Improvement
NAS-137504,125773,remove system.experiemental from UI,SCALE-25.10-RC.1 (Goldeye),SCALE-26.04-ALPHA.1 (Halfmoon),,Done,10/Sep/25 3:40 PM,10/Sep/25 4:14 PM,Blocker,Complete,SCALE-25.10-BETA.1 (Goldeye),,,,IX_EMPLOYEE,,,,Improvement
NAS-137477,125711,remove TRUENAS_EXPERIMENTAL env var,SCALE-25.10-RC.1 (Goldeye),SCALE-26.04-ALPHA.1 (Halfmoon),,Done,09/Sep/25 9:43 AM,10/Sep/25 3:54 PM,Blocker,Complete,SCALE-25.10-BETA.1 (Goldeye),,,iX Private,IX_EMPLOYEE,,,,Defect
NAS-137009,124648,Restart services on becoming healthy,SCALE-25.10-RC.1 (Goldeye),SCALE-26.04-ALPHA.1 (Halfmoon),,Done,04/Aug/25 9:14 PM,09/Sep/25 5:25 PM,Medium,Complete,SCALE-26.04-ALPHA.1 (Halfmoon),,,iX Private,hf_want,IX_EMPLOYEE,,,Defect
NAS-137394,125485,default nvmeof target port to 4420,SCALE-25.10-RC.1 (Goldeye),SCALE-26.04-ALPHA.1 (Halfmoon),,Done,02/Sep/25 10:45 AM,09/Sep/25 4:54 PM,High,Complete,SCALE-25.10-BETA.1 (Goldeye),,,,IX_EMPLOYEE,,,,Improvement
NAS-137263,125135,NVMe-oF ANA option should be disable on Non HA Enterprise system,SCALE-25.10-RC.1 (Goldeye),SCALE-26.04-ALPHA.1 (Halfmoon),,Done,21/Aug/25 3:56 PM,09/Sep/25 4:33 PM,Medium,Complete,SCALE-25.10-BETA.1 (Goldeye),,,iX Private,IX_EMPLOYEE,ready_for_assignment,,,Defect
NAS-137418,125549,NVMe-of-service is locked for sharing admin,SCALE-25.10-RC.1 (Goldeye),SCALE-26.04-ALPHA.1 (Halfmoon),,Done,03/Sep/25 1:50 PM,09/Sep/25 4:24 PM,Undefined,Complete,SCALE-25.10-BETA.1 (Goldeye),,,iX Private,IX_EMPLOYEE,,,,Defect
NAS-137432,125572,NVMe-of-service is locked for sharing admin (UI),SCALE-25.10-RC.1 (Goldeye),SCALE-26.04-ALPHA.1 (Halfmoon),,Done,04/Sep/25 7:25 AM,09/Sep/25 4:24 PM,Medium,Complete,SCALE-25.10-BETA.1 (Goldeye),,,iX Private,IX_EMPLOYEE,,,,Defect
NAS-137478,125712,Add nvmet to test_privilege_has_write_to_service,SCALE-25.10-RC.1 (Goldeye),SCALE-26.04-ALPHA.1 (Halfmoon),,Done,09/Sep/25 10:32 AM,09/Sep/25 12:33 PM,Medium,Complete,SCALE-26.04-ALPHA.1 (Halfmoon),,,iX Private,IX_EMPLOYEE,,,,Defect
NAS-137476,125709,need zfs_prop_inherit functionality in truenas_pylibzfs,SCALE-25.10-RC.1 (Goldeye),SCALE-26.04-ALPHA.1 (Halfmoon),,Done,09/Sep/25 8:06 AM,09/Sep/25 12:24 PM,Low,Complete,,,,,IX_EMPLOYEE,,,,New Feature
NAS-136969,124568,Can't save a new replication task (infinite loading & 403 sentry),SCALE-25.10-RC.1 (Goldeye),SCALE-26.04-ALPHA.1 (Halfmoon),,Done,01/Aug/25 5:58 PM,09/Sep/25 12:15 PM,Medium,Complete,SCALE-25.04.1 (Fangtooth),,,,COMMUNITY_USER,doc_impact,ready_for_assignment,,Bug
NAS-137344,125335,UI to not show traceback when update.run is called,SCALE-25.10-RC.1 (Goldeye),SCALE-26.04-ALPHA.1 (Halfmoon),,Done,28/Aug/25 7:13 AM,09/Sep/25 11:27 AM,Medium,Complete,SCALE-25.10-BETA.1 (Goldeye),,,iX Private,IX_EMPLOYEE,,,,Improvement
NAS-137467,125694,Custom app version display,SCALE-25.10-RC.1 (Goldeye),SCALE-26.04-ALPHA.1 (Halfmoon),,Done,08/Sep/25 11:26 AM,09/Sep/25 9:54 AM,Medium,Complete,SCALE-25.10-RC.1 (Goldeye),SCALE-26.04-ALPHA.1 (Halfmoon),,iX Private,IX_EMPLOYEE,,,,Defect
NAS-137471,125698,Revert NAS-137424 call failover.become_passive in system.reboot on HA,SCALE-25.04.2.4 (Fangtooth),SCALE-25.10-RC.1 (Goldeye),SCALE-26.04-ALPHA.1 (Halfmoon),Done,08/Sep/25 12:26 PM,09/Sep/25 8:57 AM,Blocker,Complete,SCALE-25.04.2.4 (Fangtooth),,,iX Private,IX_EMPLOYEE,,,,Defect
NAS-137465,125686,Raising CallError in update.status,SCALE-25.10-RC.1 (Goldeye),SCALE-26.04-ALPHA.1 (Halfmoon),,Done,08/Sep/25 7:48 AM,09/Sep/25 8:54 AM,Medium,Complete,,,,,IX_EMPLOYEE,,,,Improvement
NAS-137327,125297,remove nginx/error.log from nginx.conf,SCALE-25.10-RC.1 (Goldeye),SCALE-26.04-ALPHA.1 (Halfmoon),,Done,27/Aug/25 7:20 AM,09/Sep/25 8:51 AM,High,Complete,SCALE-26.04-ALPHA.1 (Halfmoon),,,iX Private,IX_EMPLOYEE,,,,Improvement
NAS-137229,125094,Add test for vm.query in STIG tests,SCALE-25.10-RC.1 (Goldeye),SCALE-26.04-ALPHA.1 (Halfmoon),SCALE-26.04-BETA.1 (Halfmoon),Done,19/Aug/25 2:58 PM,09/Sep/25 7:54 AM,Medium,Complete,,,,,IX_EMPLOYEE,,,,Improvement
NAS-137428,125561,Applications Network reporting bytes vs bits,SCALE-25.10-RC.1 (Goldeye),SCALE-26.04-ALPHA.1 (Halfmoon),,Done,03/Sep/25 9:35 PM,09/Sep/25 7:14 AM,Medium,Complete,SCALE-25.04.2.3 (Fangtooth),,,,COMMUNITY_USER,,,,Bug
NAS-137392,125483,Truenas zfs 2.3.4 merge,SCALE-25.10-RC.1 (Goldeye),SCALE-26.04-ALPHA.1 (Halfmoon),,Done,02/Sep/25 6:52 AM,08/Sep/25 3:12 PM,High,Complete,Master - TrueNAS SCALE,,,iX Private,IX_EMPLOYEE,,,,Defect
NAS-137407,125520,Webui button to refresh directory services cache was mistakenly removed in GE.,SCALE-25.10-RC.1 (Goldeye),SCALE-26.04-ALPHA.1 (Halfmoon),,Done,02/Sep/25 4:31 PM,08/Sep/25 1:40 PM,Medium,Complete,,,,iX Private,IX_EMPLOYEE,,,,Defect
NAS-137470,125697,Fix crypto setup with hex passphrase,SCALE-25.10-RC.1 (Goldeye),SCALE-26.04-ALPHA.1 (Halfmoon),,Done,08/Sep/25 12:06 PM,08/Sep/25 12:56 PM,Medium,Complete,SCALE-26.04-ALPHA.1 (Halfmoon),,,iX Private,IX_EMPLOYEE,,,,Defect
NAS-137364,125400,2FA setup requires multiple clicks on the Finish button to complete ,SCALE-25.10-RC.1 (Goldeye),SCALE-26.04-ALPHA.1 (Halfmoon),,Done,29/Aug/25 2:18 PM,08/Sep/25 12:12 PM,Low,Complete,SCALE-25.10-BETA.1 (Goldeye),,,iX Private,IX_EMPLOYEE,,,,Defect
NAS-137154,124890,Sorting on Display Port not proper,SCALE-25.10-RC.1 (Goldeye),SCALE-26.04-ALPHA.1 (Halfmoon),,Done,13/Aug/25 7:20 PM,07/Sep/25 1:28 PM,Low,Complete,SCALE-25.04.2.1 (Fangtooth),,,,COMMUNITY_USER,ready_for_assignment,,,Bug
NAS-137215,125040,Clean up Containers screen areas that are specific to the disabled VMs area,SCALE-25.10-RC.1 (Goldeye),SCALE-26.04-ALPHA.1 (Halfmoon),,Done,18/Aug/25 12:31 PM,07/Sep/25 1:28 PM,Medium,Complete,SCALE-25.10-BETA.1 (Goldeye),,,iX Private,doc_impact,IX_EMPLOYEE,ready_for_assignment,,Defect
NAS-137230,125095,Fix misleading help text for Show Text Console without Password Prompt ,SCALE-25.10-RC.1 (Goldeye),SCALE-26.04-ALPHA.1 (Halfmoon),,Done,19/Aug/25 4:27 PM,07/Sep/25 1:27 PM,Low,Complete,SCALE-25.10-BETA.1 (Goldeye),,,iX Private,IX_EMPLOYEE,ready_for_assignment,,,Improvement
NAS-137272,125150,Horizontal Scrolling and Key table placement Improvement request,SCALE-25.10-RC.1 (Goldeye),SCALE-26.04-ALPHA.1 (Halfmoon),,Done,22/Aug/25 10:54 AM,07/Sep/25 1:27 PM,Low,Complete,SCALE-25.10-BETA.1 (Goldeye),,,iX Private,IX_EMPLOYEE,ready_for_assignment,,,Improvement
NAS-137291,125238,VM list does not remember column state,SCALE-25.10-RC.1 (Goldeye),SCALE-26.04-ALPHA.1 (Halfmoon),,Done,26/Aug/25 3:52 AM,07/Sep/25 1:27 PM,Low,Complete,SCALE-25.04.2.1 (Fangtooth),,,,IX_EMPLOYEE,ready_for_assignment,,,Bug
NAS-137321,125285,"Display Port not displayed when you expand ""Name"" on Virtual Machines",SCALE-25.10-RC.1 (Goldeye),SCALE-26.04-ALPHA.1 (Halfmoon),,Done,26/Aug/25 6:32 PM,07/Sep/25 1:26 PM,Low,Complete,SCALE-25.04.2.1 (Fangtooth),,,,COMMUNITY_USER,ready_for_assignment,,,Bug
NAS-137332,125317,During vm iso upload clicking away from the progress window results in an error,SCALE-25.10-RC.1 (Goldeye),SCALE-26.04-ALPHA.1 (Halfmoon),,Done,27/Aug/25 11:59 AM,07/Sep/25 1:26 PM,Medium,Complete,SCALE-25.10-BETA.1 (Goldeye),,,iX Private,IX_EMPLOYEE,ready_for_assignment,,,Defect
NAS-137369,125407,"Creating SMB share complains about non-existent ""Enable ACL"" option",SCALE-25.10-RC.1 (Goldeye),SCALE-26.04-ALPHA.1 (Halfmoon),,Done,29/Aug/25 8:29 PM,07/Sep/25 1:25 PM,Medium,Complete,SCALE-25.10-BETA.1 (Goldeye),,,,COMMUNITY_USER,ready_for_assignment,,,Bug
NAS-137343,125334,Set proper errno when update.download_update times out,SCALE-25.10-RC.1 (Goldeye),SCALE-26.04-ALPHA.1 (Halfmoon),,Done,28/Aug/25 7:05 AM,06/Sep/25 7:31 AM,Medium,Complete,SCALE-25.10-BETA.1 (Goldeye),,,iX Private,IX_EMPLOYEE,,,,Improvement
NAS-137378,125453,"ACL editor ignoring unchecked ""Apply owner/group"" checkboxes in 25.04+",SCALE-25.04.2.4 (Fangtooth),SCALE-25.10-RC.1 (Goldeye),SCALE-26.04-ALPHA.1 (Halfmoon),Done,31/Aug/25 3:49 PM,06/Sep/25 7:22 AM,Blocker,Complete,SCALE-25.04.2.1 (Fangtooth),SCALE-25.04.2.3 (Fangtooth),SCALE-25.10-BETA.1 (Goldeye),,COMMUNITY_USER,hf_want,ready_for_assignment,,Bug
NAS-136973,124582,Virtual Machines page doesnt refresh properly,SCALE-25.10-RC.1 (Goldeye),SCALE-26.04-ALPHA.1 (Halfmoon),,Done,02/Aug/25 10:15 AM,05/Sep/25 2:42 PM,Medium,Complete,SCALE-25.04.2 (Fangtooth),,,,COMMUNITY_USER,doc_impact,ready_for_assignment,,Bug
NAS-137446,125616,Fix handling for disabled directory services,SCALE-25.10-RC.1 (Goldeye),SCALE-26.04-ALPHA.1 (Halfmoon),,Done,05/Sep/25 10:24 AM,05/Sep/25 10:36 AM,High,Complete,SCALE-26.04-ALPHA.1 (Halfmoon),,,iX Private,IX_EMPLOYEE,,,,Defect
NAS-137335,125321,adapt UI to make use of VM image conversion API,SCALE-25.10-RC.1 (Goldeye),SCALE-26.04-ALPHA.1 (Halfmoon),,Done,27/Aug/25 2:21 PM,05/Sep/25 9:06 AM,High,Complete,,,,iX Private,doc_impact,IX_EMPLOYEE,new_UI_feature,tests_impact,New Feature
NAS-137440,125590,better error message in vm.device.convert,SCALE-25.10-RC.1 (Goldeye),SCALE-26.04-ALPHA.1 (Halfmoon),,Done,04/Sep/25 2:14 PM,05/Sep/25 7:38 AM,Medium,Complete,SCALE-26.04-ALPHA.1 (Halfmoon),,,iX Private,IX_EMPLOYEE,,,,Defect
NAS-137300,125249,test_catalog_roles.test_apps_roles failing API tests,SCALE-25.10-RC.1 (Goldeye),SCALE-26.04-ALPHA.1 (Halfmoon),,Done,26/Aug/25 7:45 AM,05/Sep/25 7:20 AM,Medium,Complete,,,,iX Private,IX_EMPLOYEE,,,,Defect
NAS-137442,125597,Fix duplicate audit.query API calls on page load,SCALE-25.10-RC.1 (Goldeye),SCALE-26.04-ALPHA.1 (Halfmoon),,Done,04/Sep/25 4:56 PM,05/Sep/25 7:12 AM,Medium,Complete,SCALE-26.04-ALPHA.1 (Halfmoon),,,iX Private,IX_EMPLOYEE,,,,Defect
NAS-137334,125320,add ability to convert vm images to/from zvols.,SCALE-25.10-RC.1 (Goldeye),SCALE-26.04-ALPHA.1 (Halfmoon),,Done,27/Aug/25 2:15 PM,04/Sep/25 4:12 PM,High,Complete,,,,iX Private,IX_EMPLOYEE,,,,New Feature
NAS-137054,124726,Secure Boot doesn't work in 25.04.2 without changing OVMF bootloader + VARS,SCALE-25.10-RC.1 (Goldeye),SCALE-26.04-ALPHA.1 (Halfmoon),,Done,07/Aug/25 3:03 AM,04/Sep/25 4:00 PM,Low,Complete,SCALE-25.04.2 (Fangtooth),,,,COMMUNITY_USER,ready_for_assignment,ready_for_review,,Bug
NAS-137213,125036,"Unable to allocate VRAM, leads to qxl messages in Ubuntu",SCALE-25.10-RC.1 (Goldeye),SCALE-26.04-ALPHA.1 (Halfmoon),,Done,18/Aug/25 11:54 AM,04/Sep/25 3:59 PM,Medium,Complete,SCALE-25.04.2.1 (Fangtooth),,,,COMMUNITY_USER,ready_for_review,,,Bug
NAS-136937,124497,Libvirt gets started even without having a VM created,SCALE-25.10-RC.1 (Goldeye),SCALE-26.04-ALPHA.1 (Halfmoon),,Done,31/Jul/25 2:07 PM,04/Sep/25 3:55 PM,High,Complete,,,,,IX_EMPLOYEE,,,,Improvement
NAS-137113,124833,Fix start/end in temperature aggregation,SCALE-25.10-RC.1 (Goldeye),SCALE-26.04-ALPHA.1 (Halfmoon),,Done,12/Aug/25 6:36 AM,04/Sep/25 3:51 PM,Medium,Complete,SCALE-26.04-ALPHA.1 (Halfmoon),,,iX Private,IX_EMPLOYEE,,,,Defect
NAS-137250,125121,Remove libvirt configuration files from mtree,SCALE-25.10-RC.1 (Goldeye),SCALE-26.04-ALPHA.1 (Halfmoon),,Done,21/Aug/25 7:56 AM,04/Sep/25 3:43 PM,Medium,Complete,SCALE-26.04-ALPHA.1 (Halfmoon),,,iX Private,IX_EMPLOYEE,,,,Defect
NAS-137266,125138,HA: Cannot start a VM - error: [EFAULT] Failed to create file '/var/db/system/vm/nvram/1_Windows_VARS.fd.new': No such file or directory,SCALE-25.10-RC.1 (Goldeye),SCALE-26.04-ALPHA.1 (Halfmoon),,Done,21/Aug/25 4:35 PM,04/Sep/25 3:42 PM,Medium,Complete,SCALE-25.10-BETA.1 (Goldeye),,,iX Private,IX_EMPLOYEE,ready_for_assignment,,,Defect
NAS-137391,125482,"25.10-BETA.1: Empty ""disk"" blocks pool creation and dashboard statistics",SCALE-25.10-RC.1 (Goldeye),SCALE-26.04-ALPHA.1 (Halfmoon),,Done,01/Sep/25 10:34 PM,04/Sep/25 2:37 PM,Medium,Complete,SCALE-25.10-BETA.1 (Goldeye),,,iX Private,COMMUNITY_USER,ready_for_assignment,,,Bug
NAS-137439,125589,Simplify ACL handling in samba for POSIX ACLs,SCALE-25.04.2.4 (Fangtooth),SCALE-25.10-RC.1 (Goldeye),SCALE-26.04-ALPHA.1 (Halfmoon),Done,04/Sep/25 1:52 PM,04/Sep/25 2:37 PM,High,Complete,SCALE-26.04-ALPHA.1 (Halfmoon),,,iX Private,IX_EMPLOYEE,,,,Defect
NAS-137438,125587,fix smart alert for empty SD card reader,SCALE-25.10-RC.1 (Goldeye),SCALE-26.04-ALPHA.1 (Halfmoon),,Done,04/Sep/25 1:10 PM,04/Sep/25 2:19 PM,Medium,Complete,SCALE-26.04-ALPHA.1 (Halfmoon),,,iX Private,IX_EMPLOYEE,,,,Defect
NAS-137109,124824,Replication fail between datasets,SCALE-25.10-RC.1 (Goldeye),SCALE-26.04-ALPHA.1 (Halfmoon),,Done,11/Aug/25 5:53 PM,04/Sep/25 1:42 PM,Medium,Complete,SCALE-25.04.2 (Fangtooth),,,,COMMUNITY_USER,ready_for_assignment,,,Bug
NAS-136355,123165,Add support for 2 syslog servers to MW,SCALE-25.10-RC.1 (Goldeye),SCALE-26.04-ALPHA.1 (Halfmoon),SCALE-26.04-BETA.1 (Halfmoon),Done,17/Jun/25 10:35 AM,04/Sep/25 12:52 PM,High,Complete,,,,Engineering Private,IX_EMPLOYEE,,,,New Feature
NAS-137436,125583,improve validation in vm.device.convert,SCALE-25.10-RC.1 (Goldeye),SCALE-26.04-ALPHA.1 (Halfmoon),,Done,04/Sep/25 10:58 AM,04/Sep/25 11:02 AM,Low,Complete,SCALE-26.04-ALPHA.1 (Halfmoon),,,iX Private,IX_EMPLOYEE,,,,Defect
NAS-137434,125575,Fix disk temps when empty SD card readers are present,SCALE-25.10-RC.1 (Goldeye),SCALE-26.04-ALPHA.1 (Halfmoon),,Done,04/Sep/25 9:11 AM,04/Sep/25 9:23 AM,High,Complete,SCALE-26.04-ALPHA.1 (Halfmoon),,,iX Private,IX_EMPLOYEE,,,,Defect
NAS-137423,125555,Follow up to 79885c5 to fix indentation issue,SCALE-25.10-RC.1 (Goldeye),SCALE-26.04-ALPHA.1 (Halfmoon),,Done,03/Sep/25 3:36 PM,04/Sep/25 8:34 AM,High,Complete,SCALE-26.04-ALPHA.1 (Halfmoon),,,iX Private,IX_EMPLOYEE,,,,Defect
NAS-137172,124956,Replication Pull Task: Getting validation error when setting a custom schedule for a pull task,SCALE-25.10-RC.1 (Goldeye),SCALE-26.04-ALPHA.1 (Halfmoon),,Done,14/Aug/25 5:13 PM,04/Sep/25 6:39 AM,Medium,Complete,SCALE-25.10-BETA.1 (Goldeye),,,iX Private,IX_EMPLOYEE,ready_for_assignment,,,Defect
NAS-137384,125471,Error on alerts settings page,SCALE-25.10-RC.1 (Goldeye),SCALE-26.04-ALPHA.1 (Halfmoon),,Done,01/Sep/25 1:36 PM,03/Sep/25 7:52 PM,Medium,Complete,SCALE-25.10-BETA.1 (Goldeye),,,,COMMUNITY_USER,ready_for_assignment,,,Bug
NAS-137417,125548,Fix parent slide-in not reappearing after closing child slide-in,SCALE-25.10-RC.1 (Goldeye),SCALE-26.04-ALPHA.1 (Halfmoon),,Done,03/Sep/25 1:12 PM,03/Sep/25 6:39 PM,High,Complete,SCALE-26.04-ALPHA.1 (Halfmoon),,,iX Private,IX_EMPLOYEE,,,,Defect
NAS-137360,125391,Auto Generated SSH Keypair requires refresh to display on new SSH Connection creation,SCALE-25.10-RC.1 (Goldeye),SCALE-26.04-ALPHA.1 (Halfmoon),,Done,29/Aug/25 11:21 AM,03/Sep/25 10:45 AM,Medium,Complete,SCALE-25.10-BETA.1 (Goldeye),SCALE-25.10-RC.1 (Goldeye),,iX Private,IX_EMPLOYEE,ready_for_assignment,,,Bug
NAS-137350,125352,25.10-BETA.1 will not upgrade if there are 3 or more partitions and one is not BIOS,N/A,SCALE-25.10-RC.1 (Goldeye),SCALE-26.04-ALPHA.1 (Halfmoon),Done,28/Aug/25 5:16 PM,03/Sep/25 8:58 AM,High,Complete,SCALE-25.10-BETA.1 (Goldeye),,,iX Private,IX_EMPLOYEE,,,,Bug
NAS-136321,123031,Show TNC icon by default,SCALE-25.10-RC.1 (Goldeye),SCALE-26.04-ALPHA.1 (Halfmoon),,Done,13/Jun/25 11:08 AM,03/Sep/25 8:09 AM,High,Complete,SCALE-25.10-ALPHA.1 (Goldeye),,,iX Private,IX_EMPLOYEE,july-2510,,,Improvement
NAS-137385,125472,Disk temperature threshold alert,SCALE-25.10-RC.1 (Goldeye),SCALE-26.04-ALPHA.1 (Halfmoon),,Done,01/Sep/25 1:40 PM,03/Sep/25 6:25 AM,High,Complete,SCALE-25.10-BETA.1 (Goldeye),,,,COMMUNITY_USER,waiting_for_feedback,,,Bug
NAS-137326,125296,Use common error code for `NetworkActivityDisabled` (`ENONET`),SCALE-25.10-RC.1 (Goldeye),SCALE-26.04-ALPHA.1 (Halfmoon),,Done,27/Aug/25 7:05 AM,03/Sep/25 4:37 AM,Medium,Complete,SCALE-26.04-ALPHA.1 (Halfmoon),,,iX Private,IX_EMPLOYEE,,,,Defect
NAS-137404,125516,Add a progress message for NFSv4 ACLs,SCALE-25.10-RC.1 (Goldeye),SCALE-26.04-ALPHA.1 (Halfmoon),,Done,02/Sep/25 3:49 PM,02/Sep/25 4:11 PM,Medium,Complete,SCALE-26.04-ALPHA.1 (Halfmoon),,,iX Private,IX_EMPLOYEE,,,,Defect
NAS-136352,123158,Save webserver logs: We need to configure nginx to keep logs rather than sending them to /dev/null.,SCALE-25.10-RC.1 (Goldeye),SCALE-26.04-ALPHA.1 (Halfmoon),SCALE-26.04-BETA.1 (Halfmoon),Done,17/Jun/25 10:03 AM,02/Sep/25 11:53 AM,High,Complete,SCALE-26.04-ALPHA.1 (Halfmoon),,,Engineering Private,IX_EMPLOYEE,,,,New Feature
NAS-136353,123161,"Web Server STIG For STIG mode, the nginx configuration needs to change a bit",SCALE-25.10-RC.1 (Goldeye),SCALE-26.04-ALPHA.1 (Halfmoon),SCALE-26.04-BETA.1 (Halfmoon),Done,17/Jun/25 10:06 AM,02/Sep/25 11:53 AM,High,Complete,,,,Engineering Private,IX_EMPLOYEE,,,,New Feature
NAS-137324,125294,add nginx logrotate file to fix build,SCALE-25.10-RC.1 (Goldeye),SCALE-26.04-ALPHA.1 (Halfmoon),,Done,27/Aug/25 6:43 AM,02/Sep/25 11:53 AM,High,Complete,SCALE-26.04-ALPHA.1 (Halfmoon),,,iX Private,IX_EMPLOYEE,,,,Defect
NAS-137325,125295,use upstream nginx logrotate.d file,SCALE-25.10-RC.1 (Goldeye),SCALE-26.04-ALPHA.1 (Halfmoon),,Done,27/Aug/25 6:56 AM,02/Sep/25 11:52 AM,High,Complete,SCALE-26.04-ALPHA.1 (Halfmoon),,,iX Private,IX_EMPLOYEE,,,,Defect
NAS-137277,125163,Create Remote Path error appears when attempt to configure a Rsync Task using a Rsync Module,SCALE-25.10-RC.1 (Goldeye),SCALE-26.04-ALPHA.1 (Halfmoon),,Done,22/Aug/25 2:25 PM,02/Sep/25 8:19 AM,Low,Complete,SCALE-25.10-BETA.1 (Goldeye),,,iX Private,IX_EMPLOYEE,ready_for_assignment,,,Defect
NAS-137265,125137,Unable to install MinIO enterprise app,N/A,SCALE-25.10-RC.1 (Goldeye),SCALE-26.04-ALPHA.1 (Halfmoon),Done,21/Aug/25 4:16 PM,29/Aug/25 6:44 AM,Medium,Complete,SCALE-25.10-BETA.1 (Goldeye),,,iX Private,IX_EMPLOYEE,,,,Bug
NAS-137088,124775,"Outbound Network Allow All Except ""Upgrade"" does not function properly",SCALE-25.10-RC.1 (Goldeye),SCALE-26.04-ALPHA.1 (Halfmoon),,Done,08/Aug/25 4:28 PM,28/Aug/25 6:50 PM,Medium,Complete,SCALE-25.04.2.1 (Fangtooth),SCALE-25.10.0 (Goldeye),,iX Private,IX_EMPLOYEE,ready_for_review,,,Defect
NAS-136827,124260,Add JBOF visualization tool for support and ixdiagnose use,SCALE-25.10-RC.1 (Goldeye),SCALE-26.04-ALPHA.1 (Halfmoon),,Done,22/Jul/25 5:07 PM,28/Aug/25 3:55 PM,Medium,Complete,SCALE-25.10-ALPHA.1 (Goldeye),,,iX Private,COMMUNITY_USER,,,,New Feature
NAS-137336,125324,Fix slide-in form race conditions causing display and closing issues,SCALE-25.10-RC.1 (Goldeye),SCALE-26.04-ALPHA.1 (Halfmoon),,Done,27/Aug/25 4:09 PM,28/Aug/25 3:15 PM,Medium,Complete,SCALE-26.04-ALPHA.1 (Halfmoon),,,iX Private,IX_EMPLOYEE,,,,Defect
NAS-137346,125338,Add some basic unit tests for nsupdate state,SCALE-25.10-RC.1 (Goldeye),SCALE-26.04-ALPHA.1 (Halfmoon),,Done,28/Aug/25 8:27 AM,28/Aug/25 11:45 AM,Medium,Complete,SCALE-26.04-ALPHA.1 (Halfmoon),,,iX Private,IX_EMPLOYEE,,,,Defect
NAS-137297,125246,TestNFSOps.test_service_updat failing API tests,SCALE-25.10-RC.1 (Goldeye),SCALE-26.04-ALPHA.1 (Halfmoon),,Done,26/Aug/25 7:32 AM,28/Aug/25 11:38 AM,Medium,Complete,,,,iX Private,IX_EMPLOYEE,,,,Defect
NAS-121593,75574,"TrueNAS only registers to DNS once, gets culled by stale record cleanup.",SCALE-25.10-RC.1 (Goldeye),SCALE-26.04-ALPHA.1 (Halfmoon),,Done,20/Apr/23 10:56 AM,28/Aug/25 7:32 AM,Medium,Complete,13.0-U4,,,,FTalpha2beta,july-2510,,,Improvement
NAS-137299,125248,test_070_alertservice.test_alertservice_2504 failing API test,SCALE-25.10-RC.1 (Goldeye),SCALE-26.04-ALPHA.1 (Halfmoon),,Done,26/Aug/25 7:35 AM,28/Aug/25 6:37 AM,Medium,Complete,,,,iX Private,IX_EMPLOYEE,,,,Defect
NAS-137310,125266,Fix WebSocket connection state sync issue by updating isConnectionLive$ on open,SCALE-25.10-RC.1 (Goldeye),SCALE-26.04-ALPHA.1 (Halfmoon),,Done,26/Aug/25 12:33 PM,27/Aug/25 10:42 AM,Medium,Complete,SCALE-26.04-ALPHA.1 (Halfmoon),,,iX Private,IX_EMPLOYEE,,,,Defect
NAS-136964,124556,Directory Services summary for LDAP always shows BindDN,SCALE-25.10-RC.1 (Goldeye),SCALE-26.04-ALPHA.1 (Halfmoon),,Done,01/Aug/25 2:44 PM,27/Aug/25 8:42 AM,Medium,Complete,,,,,doc_impact,IX_EMPLOYEE,ready_for_assignment,,Improvement
NAS-137243,125114,Add User (WIP) Additional Details Settings Do Not Show On Screen,SCALE-25.10-RC.1 (Goldeye),SCALE-26.04-ALPHA.1 (Halfmoon),,Done,20/Aug/25 1:19 PM,27/Aug/25 8:23 AM,Low,Complete,SCALE-25.10-BETA.1 (Goldeye),,,iX Private,IX_EMPLOYEE,ready_for_assignment,,,Defect
NAS-137014,124656,Expose web_port attribute in the UI for display devices in VMs,SCALE-25.10-RC.1 (Goldeye),SCALE-26.04-ALPHA.1 (Halfmoon),SCALE-26.04-BETA.1 (Halfmoon),Done,05/Aug/25 7:12 AM,27/Aug/25 8:15 AM,Medium,Complete,,,,,doc_impact,IX_EMPLOYEE,tests_impact,,Improvement
NAS-137318,125282,Generate session ids from FIPS random number generator (ssl.RAND_bytes),SCALE-25.10-RC.1 (Goldeye),SCALE-26.04-ALPHA.1 (Halfmoon),,Done,26/Aug/25 3:24 PM,27/Aug/25 7:45 AM,High,Complete,,,,,IX_EMPLOYEE,,,,New Feature
NAS-137319,125283,Use a better defined code in update.status for blocked network activity,SCALE-25.10-RC.1 (Goldeye),SCALE-26.04-ALPHA.1 (Halfmoon),,Done,26/Aug/25 3:38 PM,27/Aug/25 6:08 AM,Medium,Complete,,,,,IX_EMPLOYEE,,,,Improvement
NAS-137307,125260,Remove ana_enabled and rdma_enabled from nvmet.global public API,SCALE-25.10-RC.1 (Goldeye),SCALE-26.04-ALPHA.1 (Halfmoon),,Done,26/Aug/25 11:19 AM,26/Aug/25 11:34 AM,Medium,Complete,SCALE-25.10-BETA.1 (Goldeye),,,iX Private,IX_EMPLOYEE,,,,Improvement
NAS-137053,124725,Implement iframe for TNC system registration,SCALE-25.10-RC.1 (Goldeye),SCALE-26.04-ALPHA.1 (Halfmoon),,Done,07/Aug/25 1:35 AM,26/Aug/25 11:33 AM,Medium,Complete,,,,,IX_EMPLOYEE,,,,Improvement
NAS-137253,125124,NVMe-oF (RDMA): can not possible to enable RDMA for the service of NVMe-oF ,SCALE-25.10-RC.1 (Goldeye),SCALE-26.04-ALPHA.1 (Halfmoon),,Done,21/Aug/25 10:55 AM,26/Aug/25 11:19 AM,Medium,Complete,SCALE-25.10-BETA.1 (Goldeye),,,iX Private,IX_EMPLOYEE,ready_for_assignment,,,Defect
NAS-137070,124748,Add check_key method for crypto object in truenas_pylibzfs,SCALE-25.10-RC.1 (Goldeye),SCALE-26.04-ALPHA.1 (Halfmoon),,Done,07/Aug/25 3:16 PM,26/Aug/25 7:35 AM,Medium,Complete,SCALE-25.10-BETA.1 (Goldeye),,,iX Private,IX_EMPLOYEE,,,,Defect
NAS-137103,124808,Storage > Disks Screen Does Not Reliably Update After Disk Resize,SCALE-25.10-RC.1 (Goldeye),SCALE-26.04-ALPHA.1 (Halfmoon),,Done,11/Aug/25 2:39 PM,25/Aug/25 4:03 PM,High,Complete,SCALE-25.10-BETA.1 (Goldeye),,,iX Private,IX_EMPLOYEE,ready_for_assignment,,,Defect
NAS-137288,125231,Improve JBOF error message when cannot contact HA peer node,SCALE-25.10-RC.1 (Goldeye),SCALE-26.04-ALPHA.1 (Halfmoon),,Done,25/Aug/25 3:43 PM,25/Aug/25 3:48 PM,Medium,Complete,SCALE-26.04-ALPHA.1 (Halfmoon),,,iX Private,IX_EMPLOYEE,,,,Defect
NAS-137198,125012,"Users page shows ""can not retreive response"" due to invalid email address",SCALE-25.10-RC.1 (Goldeye),SCALE-26.04-ALPHA.1 (Halfmoon),SCALE-26.04-BETA.1 (Halfmoon),Done,17/Aug/25 4:47 AM,25/Aug/25 3:24 PM,Medium,Complete,SCALE-25.04.2.1 (Fangtooth),,,,COMMUNITY_USER,,,,Bug
NAS-137241,125111,UI does not present any warnings when adding a special or dedup vdev that lacks redundancy,SCALE-25.10-RC.1 (Goldeye),SCALE-26.04-ALPHA.1 (Halfmoon),,Done,20/Aug/25 12:18 PM,25/Aug/25 1:25 PM,High,Complete,,,,iX Private,IX_EMPLOYEE,ready_for_assignment,,,Defect
NAS-137239,125105,Switching from Advanced Back to Basic Search Leaves Builtin-users in User Table,SCALE-25.10-RC.1 (Goldeye),SCALE-26.04-ALPHA.1 (Halfmoon),,Done,20/Aug/25 10:59 AM,25/Aug/25 1:24 PM,Medium,Complete,SCALE-25.10-BETA.1 (Goldeye),,,iX Private,IX_EMPLOYEE,ready_for_review,,,Defect
NAS-137287,125230,fix extremely slow start-up times for fenced,SCALE-25.10-RC.1 (Goldeye),SCALE-26.04-ALPHA.1 (Halfmoon),,Done,25/Aug/25 11:48 AM,25/Aug/25 12:03 PM,Blocker,Complete,SCALE-26.04-ALPHA.1 (Halfmoon),,,iX Private,IX_EMPLOYEE,,,,Defect
NAS-135324,120126,"R20 image is not branded, not the R20B bezel",SCALE-25.10-RC.1 (Goldeye),SCALE-26.04-ALPHA.1 (Halfmoon),,Done,14/Apr/25 2:07 PM,25/Aug/25 11:57 AM,Medium,Complete,Master - TrueNAS Nightlies,,,,es-2510,IX_EMPLOYEE,july-2510,,Bug
NAS-135923,121841,"Instance shell: the ""Reconnect"" button doesn't work after an instance reboot",SCALE-25.10-RC.1 (Goldeye),SCALE-26.04-ALPHA.1 (Halfmoon),,Done,18/May/25 10:00 AM,25/Aug/25 11:57 AM,Medium,Complete,SCALE-25.04.0 (Fangtooth),,,,Debug_Linked,es-backlog,ready_for_review,,Bug
NAS-137096,124791,Time sort for frequency is incorrect,SCALE-25.10-RC.1 (Goldeye),SCALE-26.04-ALPHA.1 (Halfmoon),,Done,11/Aug/25 7:09 AM,25/Aug/25 11:57 AM,Low,Complete,SCALE-25.04.2 (Fangtooth),,,,COMMUNITY_USER,ready_for_assignment,,,Bug
NAS-137150,124880,Private Key and Passphrase Validation Errors when Importing CSR,SCALE-25.10-RC.1 (Goldeye),SCALE-26.04-ALPHA.1 (Halfmoon),,Done,13/Aug/25 12:17 PM,25/Aug/25 11:56 AM,Medium,Complete,SCALE-25.10-BETA.1 (Goldeye),,,iX Private,IX_EMPLOYEE,ready_for_assignment,,,Defect
NAS-137170,124954,Save buttons showing error dialog instead of being locked and inaccessible on Users (WIP) screen for Restricted admins,SCALE-25.10-RC.1 (Goldeye),SCALE-26.04-ALPHA.1 (Halfmoon),,Done,14/Aug/25 4:17 PM,25/Aug/25 11:55 AM,Medium,Complete,SCALE-25.10-BETA.1 (Goldeye),,,iX Private,IX_EMPLOYEE,,,,Defect
NAS-137233,125099,Custom App -> Notes is not rendering any input,SCALE-25.10-RC.1 (Goldeye),SCALE-26.04-ALPHA.1 (Halfmoon),,Done,20/Aug/25 5:51 AM,25/Aug/25 11:54 AM,Medium,Complete,Master - TrueNAS Nightlies,,,,es-2510,IX_EMPLOYEE,july-2510,,Bug
NAS-137286,125228,Expose TNC by default in NAS UI,SCALE-25.10-RC.1 (Goldeye),,,Done,25/Aug/25 10:50 AM,25/Aug/25 11:06 AM,High,Complete,,,,iX Private,IX_EMPLOYEE,,,,New Feature
NAS-137285,125227,Allow deletion of multiple snapshots in same ds,SCALE-25.10-RC.1 (Goldeye),SCALE-26.04-ALPHA.1 (Halfmoon),,Done,25/Aug/25 9:05 AM,25/Aug/25 10:37 AM,Medium,Complete,SCALE-26.04-ALPHA.1 (Halfmoon),,,iX Private,IX_EMPLOYEE,,,,Defect
NAS-137274,125153,Add pattern matching for zfs snapshot destruction,SCALE-25.10-RC.1 (Goldeye),SCALE-26.04-ALPHA.1 (Halfmoon),,Done,22/Aug/25 11:44 AM,22/Aug/25 12:15 PM,Medium,Complete,SCALE-26.04-ALPHA.1 (Halfmoon),,,iX Private,IX_EMPLOYEE,,,,Defect
NAS-136901,124423,Fix `Downloaded update file size mismatch` on unstable connections,SCALE-25.10-RC.1 (Goldeye),SCALE-26.04-ALPHA.1 (Halfmoon),,Done,30/Jul/25 7:52 AM,22/Aug/25 5:15 AM,Medium,Complete,SCALE-25.10-BETA.1 (Goldeye),,,iX Private,IX_EMPLOYEE,,,,Defect
NAS-137205,125023,Fix integration tests dataset name,SCALE-25.10-RC.1 (Goldeye),SCALE-26.04-ALPHA.1 (Halfmoon),,Done,18/Aug/25 5:59 AM,22/Aug/25 5:15 AM,Low,Complete,SCALE-26.04-ALPHA.1 (Halfmoon),,,iX Private,IX_EMPLOYEE,,,,Defect
NAS-137264,125136,Add channel program to destroy snapshots,SCALE-25.10-RC.1 (Goldeye),SCALE-26.04-ALPHA.1 (Halfmoon),,Done,21/Aug/25 4:14 PM,21/Aug/25 9:15 PM,Medium,Complete,SCALE-26.04-ALPHA.1 (Halfmoon),,,iX Private,IX_EMPLOYEE,,,,Defect
NAS-137171,124955,NFS server needs to support 'scope' setting for HA systems,SCALE-25.10-RC.1 (Goldeye),SCALE-26.04-ALPHA.1 (Halfmoon),SCALE-26.04-BETA.1 (Halfmoon),Done,14/Aug/25 4:26 PM,20/Aug/25 11:26 AM,High,Complete,,,,iX Private,IX_EMPLOYEE,,,,Defect
NAS-137236,125102,Grab additional metrics from docker in debug,SCALE-25.10-RC.1 (Goldeye),SCALE-26.04-ALPHA.1 (Halfmoon),,Done,20/Aug/25 8:44 AM,20/Aug/25 9:07 AM,Low,Complete,SCALE-26.04-ALPHA.1 (Halfmoon),,,iX Private,IX_EMPLOYEE,,,,Defect
NAS-136877,124347,command parameter is treated as number instead of string,SCALE-25.10-RC.1 (Goldeye),SCALE-26.04-ALPHA.1 (Halfmoon),,Done,27/Jul/25 5:03 PM,19/Aug/25 4:53 PM,Medium,Complete,SCALE-24.10.2.2 (ElectricEel),,,,COMMUNITY_USER,ready_for_assignment,,,Bug
NAS-137201,125017,Remove old SMART calls,SCALE-25.10-RC.1 (Goldeye),SCALE-26.04-ALPHA.1 (Halfmoon),,Done,17/Aug/25 5:45 PM,19/Aug/25 4:49 PM,Low,Complete,SCALE-26.04-ALPHA.1 (Halfmoon),,,iX Private,IX_EMPLOYEE,,,,Defect
NAS-137202,125018,Better handle closed connection case when checking docker image updates,SCALE-25.10-RC.1 (Goldeye),SCALE-26.04-ALPHA.1 (Halfmoon),,Done,17/Aug/25 5:56 PM,19/Aug/25 4:49 PM,Low,Complete,SCALE-26.04-ALPHA.1 (Halfmoon),,,iX Private,IX_EMPLOYEE,,,,Defect
NAS-137107,124821,Cloud sync Task: Custom schedule is not working,SCALE-25.10-RC.1 (Goldeye),SCALE-26.04-ALPHA.1 (Halfmoon),,Done,11/Aug/25 4:17 PM,19/Aug/25 11:56 AM,Medium,Complete,SCALE-25.10-BETA.1 (Goldeye),,,iX Private,IX_EMPLOYEE,ready_for_assignment,,,Defect
NAS-137166,124944,Add new pool object methods,SCALE-25.10-RC.1 (Goldeye),SCALE-26.04-ALPHA.1 (Halfmoon),,Done,14/Aug/25 12:40 PM,18/Aug/25 4:14 PM,Medium,Complete,SCALE-26.04-ALPHA.1 (Halfmoon),,,iX Private,IX_EMPLOYEE,,,,Defect
NAS-137087,124774,Add channel program wrapper,SCALE-25.10-RC.1 (Goldeye),SCALE-26.04-ALPHA.1 (Halfmoon),,Done,08/Aug/25 3:03 PM,18/Aug/25 2:01 PM,Medium,Complete,SCALE-26.04-ALPHA.1 (Halfmoon),,,iX Private,IX_EMPLOYEE,,,,Defect
NAS-137160,124905,Add iter_pools module method,SCALE-25.10-RC.1 (Goldeye),SCALE-26.04-ALPHA.1 (Halfmoon),,Done,14/Aug/25 7:48 AM,18/Aug/25 9:37 AM,Medium,Complete,SCALE-26.04-ALPHA.1 (Halfmoon),,,iX Private,IX_EMPLOYEE,,,,Defect
NAS-137208,125030,Craft a better zpool destroy history message,SCALE-25.10-RC.1 (Goldeye),SCALE-26.04-ALPHA.1 (Halfmoon),,Done,18/Aug/25 9:01 AM,18/Aug/25 9:12 AM,Medium,Complete,SCALE-26.04-ALPHA.1 (Halfmoon),,,iX Private,IX_EMPLOYEE,,,,Defect
NAS-137167,124946,Move zpool_destroy method to libzfs object,SCALE-25.10-RC.1 (Goldeye),SCALE-26.04-ALPHA.1 (Halfmoon),,Done,14/Aug/25 1:29 PM,18/Aug/25 9:01 AM,Medium,Complete,SCALE-26.04-ALPHA.1 (Halfmoon),,,iX Private,IX_EMPLOYEE,,,,Defect
NAS-137061,124735,Validation error on optional API URL field when adding OpsGenie Alert Service,SCALE-25.10-RC.1 (Goldeye),SCALE-26.04-ALPHA.1 (Halfmoon),,Done,07/Aug/25 10:35 AM,15/Aug/25 3:28 PM,Low,Complete,SCALE-25.10-BETA.1 (Goldeye),,,iX Private,IX_EMPLOYEE,ready_for_assignment,,,Defect
NAS-137161,124906,NAS-135444: Clean up build scripts and remove unused dependencies,SCALE-25.10-RC.1 (Goldeye),SCALE-26.04-ALPHA.1 (Halfmoon),,Done,14/Aug/25 8:55 AM,14/Aug/25 4:25 PM,Medium,Complete,SCALE-26.04-ALPHA.1 (Halfmoon),,,iX Private,IX_EMPLOYEE,,,,Defect
NAS-137085,124772,Prevented from creating encrypted zvol with error stating I cannot create unencrypted zvol,SCALE-25.10-RC.1 (Goldeye),SCALE-26.04-ALPHA.1 (Halfmoon),,Done,08/Aug/25 2:21 PM,14/Aug/25 4:24 PM,Medium,Complete,SCALE-25.10-BETA.1 (Goldeye),,,iX Private,IX_EMPLOYEE,ready_for_assignment,,,Defect
NAS-137153,124887,Update angular to 20.1,SCALE-25.10-RC.1 (Goldeye),SCALE-26.04-ALPHA.1 (Halfmoon),,Done,13/Aug/25 3:15 PM,14/Aug/25 7:58 AM,Medium,Complete,SCALE-26.04-ALPHA.1 (Halfmoon),,,iX Private,IX_EMPLOYEE,,,,Defect
NAS-136799,124205,"To block feedback/bugs on experimental builds, gray out button.",SCALE-25.10-RC.1 (Goldeye),SCALE-26.04-ALPHA.1 (Halfmoon),SCALE-26.04-BETA.1 (Halfmoon),Done,21/Jul/25 7:30 AM,13/Aug/25 3:58 PM,Medium,Complete,,,,,IX_EMPLOYEE,,,,New Feature
NAS-136921,124461,asyncio_loop memory leak,SCALE-25.10-RC.1 (Goldeye),SCALE-26.04-ALPHA.1 (Halfmoon),,Done,31/Jul/25 6:58 AM,13/Aug/25 8:45 AM,Blocker,Complete,SCALE-25.04.2 (Fangtooth),,,iX Private,IX_EMPLOYEE,,,,Defect
NAS-136903,124425,Validation Inconsistency in Storage Disk Source Field of Container Form,SCALE-25.10-RC.1 (Goldeye),SCALE-26.04-ALPHA.1 (Halfmoon),,Done,30/Jul/25 10:08 AM,11/Aug/25 4:52 PM,Low,Complete,SCALE-25.10-BETA.1 (Goldeye),,,iX Private,IX_EMPLOYEE,ready_for_assignment,,,Defect
NAS-136988,124612,Fix and improve External Share for Goldeye,SCALE-25.10-RC.1 (Goldeye),SCALE-26.04-ALPHA.1 (Halfmoon),,Done,04/Aug/25 8:45 AM,11/Aug/25 4:52 PM,Medium,Complete,SCALE-25.04.2 (Fangtooth),,,iX Private,IX_EMPLOYEE,ready_for_assignment,,,Defect
NAS-137081,124767,Add docstring for destroy_resource method,SCALE-25.10-RC.1 (Goldeye),SCALE-26.04-ALPHA.1 (Halfmoon),,Done,08/Aug/25 10:18 AM,08/Aug/25 2:41 PM,Medium,Complete,SCALE-26.04-ALPHA.1 (Halfmoon),,,iX Private,IX_EMPLOYEE,,,,Defect
NAS-137080,124765,Add documentation for create_resource method in truenas_pylibzfs,SCALE-25.10-RC.1 (Goldeye),SCALE-26.04-ALPHA.1 (Halfmoon),,Done,08/Aug/25 9:24 AM,08/Aug/25 9:44 AM,Medium,Complete,SCALE-24.10-BETA.1 (ElectricEel),,,iX Private,IX_EMPLOYEE,,,,Defect
NAS-137045,124707,Add ability to create encrypted datasets / volumes to truenas_pylibzfs,SCALE-25.10-RC.1 (Goldeye),SCALE-26.04-ALPHA.1 (Halfmoon),,Done,06/Aug/25 8:30 AM,07/Aug/25 3:42 PM,High,Complete,,,,iX Private,IX_EMPLOYEE,,,,Defect
NAS-137068,124746,Add retry logic for zfs_userspace iterator in truenas_pylibzfs,SCALE-25.10-RC.1 (Goldeye),SCALE-26.04-ALPHA.1 (Halfmoon),,Done,07/Aug/25 1:14 PM,07/Aug/25 3:24 PM,Medium,Complete,SCALE-25.10-BETA.1 (Goldeye),,,,,,,,Defect
NAS-135778,121325,"TNC: Blue dot for ""active"" TrueNAS connect provides information that's not really useful (and very much ""look at me!"")",SCALE-25.10-RC.1 (Goldeye),SCALE-26.04-ALPHA.1 (Halfmoon),,Done,08/May/25 8:27 AM,05/Aug/25 2:57 PM,Medium,Complete,,,,iX Private,IX_EMPLOYEE,,,,Bug
NAS-137010,124649,Cache function pointers to nss module functions,SCALE-25.10-RC.1 (Goldeye),SCALE-26.04-ALPHA.1 (Halfmoon),,Done,04/Aug/25 9:19 PM,05/Aug/25 12:48 PM,Medium,Complete,SCALE-26.04-ALPHA.1 (Halfmoon),,,iX Private,IX_EMPLOYEE,,,,Defect
NAS-137029,124678,Remove global 2fa check to unset 2FA token,SCALE-25.10-RC.1 (Goldeye),SCALE-26.04-ALPHA.1 (Halfmoon),,Done,05/Aug/25 12:14 PM,05/Aug/25 12:48 PM,Medium,Complete,SCALE-26.04-ALPHA.1 (Halfmoon),,,iX Private,IX_EMPLOYEE,,,,Defect
NAS-136957,124545,branch for 25.10,SCALE-25.10-RC.1 (Goldeye),,,Done,01/Aug/25 12:49 PM,02/Aug/25 10:24 AM,High,Complete,SCALE-25.10-RC.1 (Goldeye),,,iX Private,IX_EMPLOYEE,,,,Defect
