Issue key,Issue id,Summary,Fix versions,Fix versions,Fix versions,Fix versions,Status,Created,Updated,Priority,Resolution,Affects versions,Affects versions,Affects versions,Security Level,Labels,Labels,Labels,Labels,Issue Type
NAS-115533,49503,Suggested DNS / Gateway Filled Out,SCALE-25.10-ALPHA.1 (Goldeye),SCALE-25.10-BETA.1 (Goldeye),,,Done,29/Mar/22 4:02 PM,14/Aug/25 1:54 PM,Low,Complete,,,,,doc_impact,july-2510,,,Improvement
NAS-123691,82752,"ZFS balances vdev based on either write speed or usage, but never both",SCALE-25.10-ALPHA.1 (Goldeye),,,,Done,24/Aug/23 10:34 AM,24/Mar/25 12:30 PM,Low,Complete,,,,,priority-was-lowest,,,,Improvement
NAS-124151,84138,Test webui with updated Sentry,SCALE-25.10-ALPHA.1 (Goldeye),,,,Done,18/Sep/23 4:59 AM,20/Mar/25 6:11 AM,Low,Complete,,,,,priority-was-lowest,queued,technical-improvement,,Improvement
NAS-125133,88011,Implement multithreaded ZFS ARC eviciton,SCALE-25.10-ALPHA.1 (Goldeye),,,,Done,08/Nov/23 2:28 PM,20/May/25 10:27 AM,Undefined,Complete,,,,,jirabug,,,,Improvement
NAS-127704,97406,Add warning to Allowed IP Addresses,SCALE-25.10-ALPHA.1 (Goldeye),,,,Done,06/Mar/24 10:32 AM,15/Aug/25 10:57 AM,Low,Complete,SCALE-24.04-RC.1 (DragonFish),,,,ready_for_assignment,,,,Improvement
NAS-127775,97755,UI offers to restart web services when no changes to allowed addresses has been made,SCALE-25.10-ALPHA.1 (Goldeye),SCALE-25.10-BETA.1 (Goldeye),,,Done,11/Mar/24 1:21 PM,07/Jul/25 5:20 AM,Low,Complete,,,,,,,,,Bug
NAS-129878,105594,Cleanup apt mirrors VM to free up space,SCALE-25.10-ALPHA.1 (Goldeye),,,,Done,03/Jul/24 4:05 AM,21/May/25 6:50 PM,Undefined,Complete,,,,,EEBeta2RC,IX_EMPLOYEE,,,Improvement
NAS-130303,106799,Validation errors are not announced,SCALE-25.10-ALPHA.1 (Goldeye),,,,Done,29/Jul/24 9:55 AM,26/Jun/25 2:03 AM,Low,Complete,,,,,IX_EMPLOYEE,,,,Improvement
NAS-131416,110002,convert service management plugin to jobs,SCALE-25.10-ALPHA.1 (Goldeye),,,,Done,27/Sep/24 7:58 AM,09/May/25 2:49 AM,Medium,Complete,SCALE-24.10.0 (ElectricEel),,,,FTalpha2beta,IX_EMPLOYEE,,,Improvement
NAS-131474,110208,MW needs to support more than 1 file for upload,SCALE-25.10-ALPHA.1 (Goldeye),,,,Done,02/Oct/24 1:35 PM,08/May/25 7:29 AM,Low,Complete,,,,,IX_EMPLOYEE,,,,New Feature
NAS-131658,110613,Add unit tests for TrueNAS CLI,SCALE-25.10-ALPHA.1 (Goldeye),,,,Done,08/Oct/24 9:46 AM,08/Feb/25 9:21 AM,Undefined,Complete,,,,,FTalpha2beta,IX_EMPLOYEE,,,Improvement
NAS-132188,111882,Apps don’t migrate on change of pool,SCALE-25.10-ALPHA.1 (Goldeye),,,,Done,02/Nov/24 8:55 AM,05/Aug/25 7:39 AM,Medium,Complete,SCALE-24.10.0 (ElectricEel),,,,COMMUNITY_USER,doc_impact,doc_resolved,ready_for_assignment,Bug
NAS-132258,112038,"Replication task stays on ""Running"" although it has finished",SCALE-25.10-ALPHA.1 (Goldeye),,,,Done,05/Nov/24 9:53 AM,25/Feb/25 9:03 AM,Low,Complete,SCALE-24.10.0 (ElectricEel),,,,IX_EMPLOYEE,ready_for_assignment,,,Bug
NAS-132733,113130,Convert pool.dataset to new api style,SCALE-25.10-ALPHA.1 (Goldeye),,,,Done,25/Nov/24 12:42 PM,12/Mar/25 10:05 AM,Low,Complete,,,,,IX_EMPLOYEE,,,,Improvement
NAS-132734,113131,Convert pool to new api style,SCALE-25.10-ALPHA.1 (Goldeye),,,,Done,25/Nov/24 12:42 PM,25/Mar/25 10:14 AM,Low,Complete,,,,,IX_EMPLOYEE,,,,Improvement
NAS-133206,114314,Convert boot to new API,SCALE-25.10-ALPHA.1 (Goldeye),,,,Done,20/Dec/24 10:16 AM,12/Feb/25 4:14 PM,Low,Complete,,,,,IX_EMPLOYEE,,,,Improvement
NAS-133207,114316,Convert zfs.pool to new API,SCALE-25.10-ALPHA.1 (Goldeye),,,,Done,20/Dec/24 10:48 AM,13/Feb/25 7:26 AM,Low,Complete,,,,,IX_EMPLOYEE,,,,Improvement
NAS-133448,114876,Convert mail to new api style,SCALE-25.10-ALPHA.1 (Goldeye),,,,Done,07/Jan/25 11:46 AM,18/Feb/25 4:30 PM,Low,Complete,,,,,IX_EMPLOYEE,,,,Improvement
NAS-133457,114898,Add HA checks for TNC,SCALE-25.10-ALPHA.1 (Goldeye),,,,Done,08/Jan/25 2:47 AM,21/May/25 6:50 PM,Low,Complete,,,,,IX_EMPLOYEE,,,,Improvement
NAS-133458,114899,Add ability to generate TNC certs in TN installer,SCALE-25.10-ALPHA.1 (Goldeye),SCALE-25.10-BETA.1 (Goldeye),,,Done,08/Jan/25 2:48 AM,28/Apr/25 6:39 AM,Medium,Complete,,,,,IX_EMPLOYEE,,,,New Feature
NAS-133533,115106,Improve validation on certificate creation,SCALE-25.10-ALPHA.1 (Goldeye),SCALE-25.10-BETA.1 (Goldeye),,,Done,13/Jan/25 11:28 AM,30/Mar/25 2:13 PM,Medium,Complete,,,,,IX_EMPLOYEE,,,,Improvement
NAS-133590,115270,Feature request:  Sort apps by popularity,SCALE-25.10-ALPHA.1 (Goldeye),SCALE-25.10-BETA.1 (Goldeye),,,Done,15/Jan/25 3:48 PM,21/May/25 6:51 PM,Low,Complete,Master - TrueNAS SCALE,,,,IX_EMPLOYEE,jirabug,,,New Feature
NAS-133600,115302,Update Trains Tagging,SCALE-25.10-BETA.1 (Goldeye),,,,Done,16/Jan/25 11:56 AM,31/Jul/25 10:54 AM,Medium,Complete,,,,,IX_EMPLOYEE,july-2510,,,Epic
NAS-133666,115483,Reload/restart vendor script on network change,SCALE-25.10-ALPHA.1 (Goldeye),,,,Done,20/Jan/25 9:20 AM,27/Jun/25 6:28 PM,Low,Complete,,,,,IX_EMPLOYEE,priority-was-lowest,,,Improvement
NAS-133669,115517,Add /sbin and /usr/sbin to PATH by default,SCALE-25.10-ALPHA.1 (Goldeye),,,,Done,20/Jan/25 12:04 PM,06/Mar/25 11:49 AM,Low,Complete,,,,,IX_EMPLOYEE,,,,Improvement
NAS-133791,115837,More strict null checks,SCALE-25.10-ALPHA.1 (Goldeye),,,,Done,24/Jan/25 3:46 PM,26/Jan/25 12:09 PM,Undefined,Complete,,,,,IX_EMPLOYEE,technical-improvement,,,Improvement
NAS-133814,115945,More strict null fixes,SCALE-25.10-ALPHA.1 (Goldeye),,,,Done,26/Jan/25 7:47 PM,30/Jan/25 11:30 AM,Undefined,Complete,,,,,IX_EMPLOYEE,technical-improvement,,,Improvement
NAS-133835,116008,Allow custom endpoint/gateway for Storj (API),SCALE-25.04.2 (Fangtooth),SCALE-25.10-ALPHA.1 (Goldeye),,,Done,28/Jan/25 7:28 AM,15/May/25 11:57 AM,Medium,Complete,,,,,IX_EMPLOYEE,,,,Improvement
NAS-133847,116036,SED settings for ATA Security User ,SCALE-25.10-ALPHA.1 (Goldeye),SCALE-25.10-BETA.1 (Goldeye),,,Done,28/Jan/25 4:00 PM,14/Jul/25 3:27 AM,Low,Complete,SCALE-25.04-BETA.1 (Fangtooth),,,,IX_EMPLOYEE,jirabug,,,Improvement
NAS-133901,116195,Examine api_method access kwargs,SCALE-25.10-ALPHA.1 (Goldeye),,,,Done,30/Jan/25 5:20 PM,12/Feb/25 4:12 PM,Low,Complete,,,,,IX_EMPLOYEE,,,,Improvement
NAS-133931,116296,Strict null fixes,SCALE-25.10-ALPHA.1 (Goldeye),,,,Done,01/Feb/25 8:45 AM,18/Feb/25 1:55 PM,Low,Complete,,,,,IX_EMPLOYEE,technical-improvement,,,Improvement
NAS-133982,116411,Allow backing up ix-apps with rsync or replication,SCALE-25.10-ALPHA.1 (Goldeye),SCALE-25.10-BETA.1 (Goldeye),,,Done,04/Feb/25 1:44 AM,14/Aug/25 3:52 PM,Medium,Complete,,,,,IX_EMPLOYEE,,,,New Feature
NAS-133984,116416,Finalize Versioned API,SCALE-25.10-BETA.1 (Goldeye),,,,Done,04/Feb/25 7:50 AM,18/Aug/25 2:36 PM,High,Complete,,,,,IX_EMPLOYEE,,,,Epic
NAS-133985,116417,pool.dataset/snapshot.rename API endpoints,SCALE-25.10-ALPHA.1 (Goldeye),SCALE-25.10-BETA.1 (Goldeye),,,Done,04/Feb/25 8:28 AM,27/May/25 7:52 AM,Medium,Complete,SCALE-25.04.0 (Fangtooth),,,,IX_EMPLOYEE,jirabug,,,Improvement
NAS-133992,116434,Fix some strict null issues,SCALE-25.10-ALPHA.1 (Goldeye),,,,Done,04/Feb/25 10:22 AM,18/Feb/25 1:55 PM,Low,Complete,,,,,IX_EMPLOYEE,technical-improvement,,,Improvement
NAS-134000,116446,convert zfs_/dataset_actions.py to new API,SCALE-25.10-ALPHA.1 (Goldeye),,,,Done,04/Feb/25 11:28 AM,13/Feb/25 7:26 AM,Low,Complete,,,,,IX_EMPLOYEE,,,,Improvement
NAS-134028,116529,YAML Formatting and Syntax Highlighting for Apps,SCALE-25.10-ALPHA.1 (Goldeye),,,,Done,05/Feb/25 12:26 PM,12/Mar/25 6:06 AM,Low,Complete,,,,,IX_EMPLOYEE,,,,Improvement
NAS-134055,116589,master branch tests failed,SCALE-25.10-ALPHA.1 (Goldeye),,,,Done,06/Feb/25 7:07 AM,18/Feb/25 1:55 PM,Low,Complete,SCALE-25.10-ALPHA.1 (Goldeye),,,,IX_EMPLOYEE,,,,Bug
NAS-134067,116611,slow truecloud backup performance ,SCALE-25.10-ALPHA.1 (Goldeye),SCALE-25.10-BETA.1 (Goldeye),,,Done,06/Feb/25 12:12 PM,24/Apr/25 2:49 PM,High,Complete,SCALE-24.10.2 (ElectricEel),,,,COMMUNITY_USER,priority-was-lowest,ready_for_review,,Bug
NAS-134068,116614,Add a widget CPU temperature with a line graph,SCALE-25.10-ALPHA.1 (Goldeye),,,,Done,06/Feb/25 12:32 PM,05/Aug/25 7:39 AM,Low,Complete,Master - TrueNAS SCALE,,,,doc_impact,doc_resolved,IX_EMPLOYEE,,New Feature
NAS-134102,116694,More strict null checks,SCALE-25.10-ALPHA.1 (Goldeye),,,,Done,07/Feb/25 8:00 PM,18/Feb/25 1:45 PM,Low,Complete,,,,,IX_EMPLOYEE,technical-improvement,,,Improvement
NAS-134122,116738,"Email Options: ""From Name"" entry will ignore anything in brackets",SCALE-25.10-ALPHA.1 (Goldeye),,,,Done,09/Feb/25 9:22 AM,12/Feb/25 11:33 AM,Low,Complete,SCALE-24.10.2 (ElectricEel),,,,COMMUNITY_USER,ready_for_review,,,Bug
NAS-134125,116769,convert rsyntask plugin to new API,SCALE-25.10-ALPHA.1 (Goldeye),,,,Done,10/Feb/25 8:24 AM,18/Feb/25 7:58 AM,Undefined,Complete,,,,,IX_EMPLOYEE,,,,Improvement
NAS-134126,116770,convert smart plugin to new API,SCALE-25.10-ALPHA.1 (Goldeye),,,,Done,10/Feb/25 8:26 AM,18/Feb/25 7:59 AM,Undefined,Complete,,,,,IX_EMPLOYEE,,,,Improvement
NAS-134127,116771,convert vmware plugin to new API,SCALE-25.10-ALPHA.1 (Goldeye),,,,Done,10/Feb/25 8:29 AM,18/Feb/25 7:59 AM,Undefined,Complete,,,,,IX_EMPLOYEE,,,,Improvement
NAS-134128,116772,convert ups plugin to new API,SCALE-25.10-ALPHA.1 (Goldeye),,,,Done,10/Feb/25 8:31 AM,05/Mar/25 9:15 AM,Undefined,Complete,,,,,IX_EMPLOYEE,,,,Improvement
NAS-134129,116773,convert audit plugin to new API,SCALE-25.10-ALPHA.1 (Goldeye),,,,Done,10/Feb/25 8:35 AM,28/Apr/25 9:35 AM,Medium,Complete,,,,,IX_EMPLOYEE,,,,Improvement
NAS-134130,116774,convert auth_/2fa.py to new API,SCALE-25.10-ALPHA.1 (Goldeye),,,,Done,10/Feb/25 8:38 AM,17/Feb/25 5:16 PM,Undefined,Complete,,,,,IX_EMPLOYEE,,,,Improvement
NAS-134141,116809,Try using signals with router,SCALE-25.10-ALPHA.1 (Goldeye),,,,Done,10/Feb/25 4:11 PM,17/Mar/25 6:26 AM,Undefined,Complete,,,,,IX_EMPLOYEE,technical-improvement,,,Improvement
NAS-134152,116839,UUID related traceback when activating GPU for Jellyfin app,SCALE-25.10-BETA.1 (Goldeye),,,,Done,11/Feb/25 8:23 AM,14/Aug/25 10:50 AM,Medium,Complete,SCALE-25.04-BETA.1 (Fangtooth),,,,IX_EMPLOYEE,july-2510,ready_for_review,release_notes_mention,Defect
NAS-134190,116942,convert ipmi endpoints to new API,SCALE-25.10-ALPHA.1 (Goldeye),,,,Done,12/Feb/25 3:46 PM,18/Feb/25 12:23 PM,Undefined,Complete,,,,,IX_EMPLOYEE,,,,Improvement
NAS-134194,116972,More strict null fixes,SCALE-25.10-ALPHA.1 (Goldeye),,,,Done,13/Feb/25 9:41 AM,18/Feb/25 1:44 PM,Low,Complete,,,,,IX_EMPLOYEE,technical-improvement,,,Improvement
NAS-134198,116981,Simplify user management,SCALE-25.10-BETA.1 (Goldeye),,,,Done,13/Feb/25 11:25 AM,21/Aug/25 10:04 AM,Medium,Complete,,,,,IX_EMPLOYEE,,,,Epic
NAS-134268,117176,Designs for simpler user form,SCALE-25.10-ALPHA.1 (Goldeye),,,,Done,17/Feb/25 8:09 AM,21/Feb/25 7:49 PM,Medium,Complete,,,,,IX_EMPLOYEE,,,,New Feature
NAS-134269,117177,Designs for simpler user list,SCALE-25.10-ALPHA.1 (Goldeye),,,,Done,17/Feb/25 8:09 AM,21/Feb/25 7:48 PM,Medium,Complete,,,,,IX_EMPLOYEE,,,,New Feature
NAS-134303,117254,Add a string for the reason to revoke an API Key,SCALE-25.10-ALPHA.1 (Goldeye),,,,Done,18/Feb/25 1:25 PM,12/Mar/25 10:21 AM,Low,Complete,,,,,IX_EMPLOYEE,,,,Improvement
NAS-134324,117310,"Present ticket info in a more durable format (modal, longer timeout)",SCALE-25.10-ALPHA.1 (Goldeye),,,,Done,19/Feb/25 9:57 AM,03/Apr/25 10:10 AM,Low,Complete,SCALE-25.04-BETA.1 (Fangtooth),,,,IX_EMPLOYEE,jirabug,,,Improvement
NAS-134329,117316,"When `core.download` job fails, show this error to the user",SCALE-25.10-ALPHA.1 (Goldeye),,,,Done,19/Feb/25 10:34 AM,05/Mar/25 9:37 AM,Medium,Complete,,,,,IX_EMPLOYEE,,,,Bug
NAS-134333,117321,Show current system version on the update page,SCALE-25.10-ALPHA.1 (Goldeye),,,,Done,19/Feb/25 11:53 AM,17/Mar/25 6:24 AM,Low,Complete,,,,,doc_impact,IX_EMPLOYEE,,,Improvement
NAS-134371,117435,Tests are failing sometimes (InitiatorListComponent is shown),SCALE-25.10-ALPHA.1 (Goldeye),,,,Done,21/Feb/25 7:58 AM,10/Mar/25 5:34 AM,Medium,Complete,SCALE-25.04.0 (Fangtooth),SCALE-25.10-ALPHA.1 (Goldeye),,,IX_EMPLOYEE,,,,Bug
NAS-134381,117447,Come up with a better flow for managing translations,SCALE-25.10-ALPHA.1 (Goldeye),,,,Done,21/Feb/25 9:34 AM,18/Mar/25 11:15 PM,Medium,Complete,,,,,IX_EMPLOYEE,technical-improvement,,,Improvement
NAS-134384,117451,Handle REDIRECT login error,SCALE-25.10-ALPHA.1 (Goldeye),,,,Done,21/Feb/25 9:44 AM,16/Jun/25 5:18 AM,Low,Complete,,,,,IX_EMPLOYEE,,,,Improvement
NAS-134395,117490,Strict null fixes,SCALE-25.10-ALPHA.1 (Goldeye),,,,Done,21/Feb/25 10:24 PM,28/Feb/25 10:17 AM,Low,Complete,,,,,IX_EMPLOYEE,,,,Improvement
NAS-134424,117603,Make sure TrueNAS is not being indexed,SCALE-25.10-ALPHA.1 (Goldeye),,,,Done,24/Feb/25 3:33 PM,28/Feb/25 10:17 AM,Low,Complete,,,,,,,,,Improvement
NAS-134471,117758,Create boilerplate for new users page,SCALE-25.10-ALPHA.1 (Goldeye),,,,Done,27/Feb/25 4:16 AM,17/Mar/25 6:23 AM,High,Complete,,,,,IX_EMPLOYEE,,,,New Feature
NAS-134475,117765,Implement master-detail layout for users list,SCALE-25.10-ALPHA.1 (Goldeye),,,,Done,27/Feb/25 7:55 AM,10/Mar/25 10:35 AM,Low,Complete,,,,,IX_EMPLOYEE,,,,New Feature
NAS-134477,117767,Refactor user form for new design,SCALE-25.10-ALPHA.1 (Goldeye),,,,Done,27/Feb/25 9:04 AM,05/Apr/25 4:50 AM,Low,Complete,,,,,IX_EMPLOYEE,jirabug,,,New Feature
NAS-134494,117826,Build a generic user picker component,SCALE-25.10-ALPHA.1 (Goldeye),,,,Done,28/Feb/25 8:53 AM,03/Apr/25 11:27 AM,Medium,Complete,,,,,IX_EMPLOYEE,,,,New Feature
NAS-134500,117838,Pulled snapshot not getting pruned,SCALE-25.04.2 (Fangtooth),SCALE-25.10-ALPHA.1 (Goldeye),,,Done,28/Feb/25 12:37 PM,13/May/25 7:55 AM,Low,Complete,SCALE-24.10.2 (ElectricEel),,,,COMMUNITY_USER,ready_for_assignment,,,Bug
NAS-134514,117872,Cannot delete Allowed IP Address after switching from Static IP to DHCP,SCALE-25.10-ALPHA.1 (Goldeye),,,,Done,01/Mar/25 6:45 PM,13/Mar/25 2:45 AM,Medium,Complete,SCALE-24.10.2 (ElectricEel),,,,COMMUNITY_USER,ready_for_review,,,Bug
NAS-134526,117897,Implement advanced user search,SCALE-25.10-ALPHA.1 (Goldeye),,,,Done,03/Mar/25 7:47 AM,18/Apr/25 8:21 PM,Low,Complete,,,,,IX_EMPLOYEE,,,,New Feature
NAS-134529,117900,Update user profile card on details view,SCALE-25.10-ALPHA.1 (Goldeye),,,,Done,03/Mar/25 7:55 AM,24/Mar/25 8:08 AM,Low,Complete,,,,,IX_EMPLOYEE,,,,New Feature
NAS-134568,117973,convert tunable plugin to new API,SCALE-25.10-ALPHA.1 (Goldeye),,,,Done,04/Mar/25 7:09 AM,04/Mar/25 3:29 PM,Medium,Complete,SCALE-25.10-ALPHA.1 (Goldeye),,,,IX_EMPLOYEE,,,,Improvement
NAS-134569,117974,convert update.py to new API,SCALE-25.10-ALPHA.1 (Goldeye),,,,Done,04/Mar/25 7:12 AM,07/Mar/25 10:01 AM,Medium,Complete,,,,,IX_EMPLOYEE,,,,New Feature
NAS-134575,117987,Refactor user/group providers,SCALE-25.10-ALPHA.1 (Goldeye),,,,Done,04/Mar/25 9:57 AM,10/Mar/25 10:34 AM,Low,Complete,,,,,IX_EMPLOYEE,,,,Improvement
NAS-134598,118030,Add support for mutual authentication TLS for remote syslog,SCALE-25.10-ALPHA.1 (Goldeye),SCALE-25.10-BETA.1 (Goldeye),,,Done,05/Mar/25 3:22 AM,26/Jun/25 12:40 PM,Low,Complete,,,,,IX_EMPLOYEE,jirabug,,,Improvement
NAS-134607,118043,Provide visual indicator for production status or hostname,SCALE-25.10-BETA.1 (Goldeye),,,,Done,05/Mar/25 9:18 AM,02/Jul/25 7:43 AM,Low,Complete,,,,,IX_EMPLOYEE,,,,Improvement
NAS-134608,118057,Reduce number of unused strings,SCALE-25.10-ALPHA.1 (Goldeye),,,,Done,05/Mar/25 10:52 AM,07/Mar/25 7:31 AM,Low,Complete,,,,,IX_EMPLOYEE,,,,Improvement
NAS-134619,118094,"App page uses both ""update"" and ""upgrade"" as terminology for installing new version",SCALE-25.10-ALPHA.1 (Goldeye),,,,Done,06/Mar/25 3:58 AM,05/Aug/25 7:40 AM,Low,Complete,Master - TrueNAS Nightlies,,,,doc_impact,doc_resolved,IX_EMPLOYEE,,Bug
NAS-134655,118176,More strict null fixes,SCALE-25.10-ALPHA.1 (Goldeye),,,,Done,07/Mar/25 11:11 AM,10/Mar/25 8:47 AM,Low,Complete,,,,,IX_EMPLOYEE,technical-improvement,,,Improvement
NAS-134667,118260,Received error at the bottom of the System Update screen.,SCALE-25.10-ALPHA.1 (Goldeye),,,,Done,09/Mar/25 10:52 AM,17/Mar/25 8:35 AM,High,Complete,Master - TrueNAS Nightlies,,,,IX_EMPLOYEE,ready_for_review,,,Bug
NAS-134677,118280,Implement access card on user details view,SCALE-25.10-ALPHA.1 (Goldeye),,,,Done,10/Mar/25 5:14 AM,17/Mar/25 5:46 PM,Low,Complete,,,,,IX_EMPLOYEE,,,,New Feature
NAS-134709,118370,Rename AppLoaderService and withErrorHandler,SCALE-25.10-ALPHA.1 (Goldeye),,,,Done,11/Mar/25 3:17 PM,12/Mar/25 6:07 AM,Low,Complete,,,,,IX_EMPLOYEE,technical-improvement,,,Improvement
NAS-134717,118390,"Incus VMs use UTC time instead of local, breaking Windows VMs",SCALE-25.10-ALPHA.1 (Goldeye),,,,Done,12/Mar/25 1:22 AM,05/Jun/25 1:02 PM,Low,Complete,SCALE-25.04-BETA.1 (Fangtooth),SCALE-25.04-RC.1 (Fangtooth),,,COMMUNITY_USER,,,,Improvement
NAS-134718,118391,"Reword string ""Update completed successfully. The system will reboot shortly""",SCALE-25.10-ALPHA.1 (Goldeye),,,,Done,12/Mar/25 4:43 AM,17/Mar/25 8:34 AM,Low,Complete,Master - TrueNAS Nightlies,,,,IX_EMPLOYEE,,,,Bug
NAS-134734,118439,Improve help text for Manage Container Images delete Force option,SCALE-25.10-ALPHA.1 (Goldeye),,,,Done,12/Mar/25 2:41 PM,19/Mar/25 8:52 AM,Low,Complete,SCALE-25.04-RC.1 (Fangtooth),,,,help-wanted-ui,IX_EMPLOYEE,ready_for_review,,Improvement
NAS-134748,118473,Properly handle `notify_unsubscribed`,SCALE-25.10-ALPHA.1 (Goldeye),,,,Done,13/Mar/25 6:05 AM,24/Mar/25 7:21 AM,Low,Complete,,,,,IX_EMPLOYEE,technical-improvement,,,Improvement
NAS-134751,118478,Allow stats updates for multiple instances at the same time,SCALE-25.10-ALPHA.1 (Goldeye),,,,Done,13/Mar/25 7:48 AM,18/Aug/25 3:59 PM,Low,Complete,,,,,IX_EMPLOYEE,,,,Improvement
NAS-134782,118542,More strict null fixes,SCALE-25.10-ALPHA.1 (Goldeye),,,,Done,14/Mar/25 9:22 AM,18/Mar/25 8:07 AM,Low,Complete,,,,,IX_EMPLOYEE,technical-improvement,,,Improvement
NAS-134790,118559,Replace zfs.snapshot.* calls with pool.snapshot.* equivalents,SCALE-25.10-ALPHA.1 (Goldeye),,,,Done,14/Mar/25 11:33 AM,25/Mar/25 1:08 PM,Low,Complete,,,,,IX_EMPLOYEE,,,,Improvement
NAS-134791,118561,Add a CDROM device type to VM Instances,SCALE-25.10-ALPHA.1 (Goldeye),,,,Done,14/Mar/25 12:24 PM,13/Jun/25 1:20 PM,Medium,Complete,,,,,IX_EMPLOYEE,,,,Improvement
NAS-134797,118574,convert ssh.py to new API,SCALE-25.10-ALPHA.1 (Goldeye),,,,Done,14/Mar/25 1:30 PM,20/Mar/25 10:36 AM,Medium,Complete,,,,,IX_EMPLOYEE,,,,Improvement
NAS-134855,118743,Simplify contribution docs,SCALE-25.10-ALPHA.1 (Goldeye),,,,Done,17/Mar/25 12:02 PM,18/Mar/25 10:32 AM,Low,Complete,,,,,IX_EMPLOYEE,,,,Improvement
NAS-134857,118746,Pool usage stats are available in realtime reporting changes for UI consumption,SCALE-25.10-ALPHA.1 (Goldeye),SCALE-25.10-BETA.1 (Goldeye),,,Done,17/Mar/25 12:39 PM,26/Mar/25 4:58 AM,Low,Complete,,,,,IX_EMPLOYEE,,,,Improvement
NAS-134869,118784,Enable rxjs/throw-error rule,SCALE-25.10-ALPHA.1 (Goldeye),,,,Done,18/Mar/25 9:12 AM,19/Mar/25 5:31 AM,Low,Complete,,,,,IX_EMPLOYEE,technical-improvement,,,Improvement
NAS-134870,118787,Add Sentry environment variables to build process,SCALE-25.10-ALPHA.1 (Goldeye),,,,Done,18/Mar/25 9:46 AM,28/Apr/25 7:58 AM,Low,Complete,,,,,IX_EMPLOYEE,,,,Improvement
NAS-134871,118788,Fix some Sentry issues,SCALE-25.10-ALPHA.1 (Goldeye),,,,Done,18/Mar/25 9:53 AM,20/Mar/25 6:11 AM,Low,Complete,,,,,IX_EMPLOYEE,technical-improvement,,,Improvement
NAS-134897,118860,Convert interface.* endpoints to versioned API,SCALE-25.10-ALPHA.1 (Goldeye),,,,Done,19/Mar/25 12:22 PM,16/Apr/25 11:32 AM,Medium,Complete,,,,,IX_EMPLOYEE,,,,Improvement
NAS-134900,118870,Enable Direct IO in truenas/zfs,SCALE-25.10-ALPHA.1 (Goldeye),,,,Done,19/Mar/25 3:03 PM,20/May/25 10:32 AM,Medium,Complete,,,,,IX_EMPLOYEE,,,,Improvement
NAS-134904,118878,FreeIPA/LDAP integration doesn't work with IPv6-only FreeIPA server,SCALE-25.10-ALPHA.1 (Goldeye),,,,Done,19/Mar/25 5:04 PM,26/Jun/25 7:48 AM,Low,Complete,SCALE-24.10.2 (ElectricEel),,,,COMMUNITY_USER,ready_for_review,,,Bug
NAS-134911,118893,Sentry in WebUI,SCALE-25.10-BETA.1 (Goldeye),,,,Done,20/Mar/25 6:11 AM,17/Jul/25 8:16 AM,Medium,Complete,,,,,es-2510,IX_EMPLOYEE,july-2510,,Epic
NAS-134913,118895,zvol_path can be removed from virt.instance.create,SCALE-25.10-ALPHA.1 (Goldeye),,,,Done,20/Mar/25 6:23 AM,18/Aug/25 1:40 PM,Low,Complete,,,,,doc_impact,IX_EMPLOYEE,,,Improvement
NAS-134914,118896,Simplify selection of bootable disk,SCALE-25.10-ALPHA.1 (Goldeye),,,,Done,20/Mar/25 6:31 AM,14/Apr/25 8:06 AM,Low,Complete,,,,,doc_impact,doc_resolved,IX_EMPLOYEE,,Improvement
NAS-134926,118908,unable to isolate GPU (RTX 3060 TI) - not showing up,SCALE-25.10-BETA.1 (Goldeye),,,,Done,20/Mar/25 7:05 AM,30/Jul/25 6:41 AM,Medium,Complete,SCALE-25.04-RC.1 (Fangtooth),,,,COMMUNITY_USER,ready_for_review,,,Bug
NAS-134929,118911,load drivetemp kernel module at boot,SCALE-25.10-ALPHA.1 (Goldeye),,,,Done,20/Mar/25 7:10 AM,20/Mar/25 8:42 AM,Medium,Complete,SCALE-25.04.0 (Fangtooth),,,,IX_EMPLOYEE,,,,Improvement
NAS-134943,118978,Improvements to NIC form,SCALE-25.10-ALPHA.1 (Goldeye),,,,Done,21/Mar/25 7:43 AM,31/Mar/25 7:02 AM,Low,Complete,,,,,IX_EMPLOYEE,,,,Improvement
NAS-134945,118980,Relax component naming requirements,SCALE-25.10-ALPHA.1 (Goldeye),,,,Done,21/Mar/25 7:50 AM,24/Mar/25 9:54 AM,Low,Complete,,,,,IX_EMPLOYEE,technical-improvement,,,Improvement
NAS-134975,119090,Sorting apps by Updated Date: Everything updated in the last 24 Hours?,SCALE-25.10-BETA.1 (Goldeye),,,,Done,24/Mar/25 4:10 AM,25/Jul/25 9:47 AM,Medium,Complete,Master - TrueNAS Nightlies,,,,IX_EMPLOYEE,jirabug,july-2510,,Bug
NAS-134984,119108,New styles for update page,SCALE-25.10-ALPHA.1 (Goldeye),,,,Done,24/Mar/25 8:51 AM,03/Jun/25 8:47 AM,Medium,Complete,,,,,doc_impact,IX_EMPLOYEE,,,New Feature
NAS-134990,119127,Fix some Sentry errors,SCALE-25.10-ALPHA.1 (Goldeye),,,,Done,24/Mar/25 12:52 PM,25/Mar/25 9:32 AM,Low,Complete,,,,,IX_EMPLOYEE,technical-improvement,,,Improvement
NAS-134995,119176,"Sort Apps by title, not by an internal key string",SCALE-25.10-ALPHA.1 (Goldeye),,,,Done,25/Mar/25 9:33 AM,31/Mar/25 7:02 AM,Low,Complete,Master - TrueNAS Nightlies,,,,IX_EMPLOYEE,,,,Bug
NAS-134997,119179,More Sentry fixes,SCALE-25.10-ALPHA.1 (Goldeye),,,,Done,25/Mar/25 10:21 AM,26/Mar/25 5:53 AM,Low,Complete,,,,,IX_EMPLOYEE,technical-improvement,,,Improvement
NAS-135011,119207,[BUG] email showing wrong SMTP server than what is configured.,SCALE-25.10-ALPHA.1 (Goldeye),,,,Done,25/Mar/25 4:59 PM,07/Apr/25 5:11 AM,Low,Complete,SCALE-25.04-RC.1 (Fangtooth),,,,COMMUNITY_USER,ready_for_review,,,Bug
NAS-135020,119245,Improve overall SMART experience,SCALE-25.10-ALPHA.1 (Goldeye),,,,Done,26/Mar/25 8:54 AM,18/Aug/25 1:08 PM,Low,Complete,,,,,improvement,IX_EMPLOYEE,,,Epic
NAS-135022,119248,Improve Sentry privacy,SCALE-25.10-ALPHA.1 (Goldeye),,,,Done,26/Mar/25 10:15 AM,28/Mar/25 8:38 AM,Low,Complete,,,,,doc_impact,IX_EMPLOYEE,,,Improvement
NAS-135036,119282,Save configuation error,SCALE-25.10-ALPHA.1 (Goldeye),,,,Done,26/Mar/25 6:24 PM,07/Apr/25 8:46 AM,Medium,Complete,Master - TrueNAS Nightlies,,,,IX_EMPLOYEE,jirabug,,,Bug
NAS-135044,119302,Strict null fixes,SCALE-25.10-ALPHA.1 (Goldeye),,,,Done,27/Mar/25 8:02 AM,01/Apr/25 2:53 AM,Low,Complete,,,,,IX_EMPLOYEE,technical-improvement,,,Improvement
NAS-135046,119308,Make login page more resilient,SCALE-25.10-ALPHA.1 (Goldeye),,,,Done,27/Mar/25 9:25 AM,29/Apr/25 11:30 AM,Medium,Complete,,,,,IX_EMPLOYEE,,,,Improvement
NAS-135049,119314,Get rid of jobs in JSON-RPC 2.0 API,SCALE-25.10-ALPHA.1 (Goldeye),,,,Done,27/Mar/25 10:59 AM,14/Apr/25 4:20 PM,Undefined,Complete,,,,,IX_EMPLOYEE,,,,New Feature
NAS-135063,119348,Rsync Task - Auxiliary parameter goes off screen,SCALE-25.10-ALPHA.1 (Goldeye),,,,Done,28/Mar/25 2:56 AM,30/Jun/25 6:35 AM,Low,Complete,SCALE-24.10.2 (ElectricEel),,,,COMMUNITY_USER,ready_for_review,,,Bug
NAS-135082,119408,Some (French) translations doesn't work in /ui/system/general - Not FIX,SCALE-25.10-ALPHA.1 (Goldeye),,,,Done,30/Mar/25 8:27 AM,04/Apr/25 4:17 AM,Low,Complete,Master - TrueNAS Nightlies,SCALE-24.10.0 (ElectricEel),,,COMMUNITY_USER,ready_for_review,,,Bug
NAS-135089,119429,Merge two profile cards on new users page,SCALE-25.10-ALPHA.1 (Goldeye),,,,Done,31/Mar/25 7:03 AM,07/Apr/25 5:10 AM,Medium,Complete,,,,,IX_EMPLOYEE,,,,Improvement
NAS-135091,119433,"Do not send { ""failed_to_connect"": true } in `reporting.realtime`",SCALE-25.10-ALPHA.1 (Goldeye),,,,Done,31/Mar/25 7:56 AM,31/Mar/25 1:50 PM,Low,Complete,,,,,from_Sentry,IX_EMPLOYEE,,,Bug
NAS-135093,119435,Remove Certificate Authorities table and other Sentry fixes,SCALE-25.10-ALPHA.1 (Goldeye),,,,Done,31/Mar/25 8:15 AM,07/Apr/25 11:36 AM,Low,Complete,,,,,doc_impact,from_Sentry,IX_EMPLOYEE,,Bug
NAS-135110,119472,Audit Event Data widget should include the 'success' value,SCALE-25.10-ALPHA.1 (Goldeye),,,,Done,31/Mar/25 7:00 PM,07/Apr/25 5:10 AM,Low,Complete,,,,,IX_EMPLOYEE,ready_for_review,,,Improvement
NAS-135113,119507,update APT repos for GE,SCALE-25.10-ALPHA.1 (Goldeye),,,,Done,01/Apr/25 8:00 AM,21/May/25 6:50 PM,Medium,Complete,SCALE-25.04.0 (Fangtooth),,,,IX_EMPLOYEE,,,,New Feature
NAS-135116,119514,remove annotated_types module usage,SCALE-25.10-ALPHA.1 (Goldeye),,,,Done,01/Apr/25 9:39 AM,03/Apr/25 1:04 PM,Low,Complete,,,,,IX_EMPLOYEE,,,,Improvement
NAS-135124,119528,Custom Apps stopped showing updates,SCALE-25.10-ALPHA.1 (Goldeye),,,,Done,01/Apr/25 12:03 PM,28/Apr/25 7:58 AM,Low,Complete,SCALE-24.10.2 (ElectricEel),,,,COMMUNITY_USER,ready_for_review,,,Bug
NAS-135129,119563,Explore treemaps for space usage,SCALE-25.10-ALPHA.1 (Goldeye),,,,Done,02/Apr/25 3:42 AM,03/Apr/25 6:00 AM,Low,Complete,,,,,IX_EMPLOYEE,,,,New Feature
NAS-135150,119634,Move `system.boot_id` to global API space,SCALE-25.10-ALPHA.1 (Goldeye),,,,Done,03/Apr/25 8:02 AM,10/Apr/25 7:18 AM,Medium,Complete,,,,,IX_EMPLOYEE,,,,Improvement
NAS-135153,119643,"Email failed to send, but page does not indicate a problem",SCALE-25.10-ALPHA.1 (Goldeye),,,,Done,03/Apr/25 10:04 AM,07/Apr/25 4:45 PM,Low,Complete,Master - TrueNAS Nightlies,,,,IX_EMPLOYEE,,,,Bug
NAS-135157,119648,Remember user selected columns in tables,SCALE-25.10-ALPHA.1 (Goldeye),,,,Done,03/Apr/25 11:01 AM,14/Apr/25 4:35 AM,Low,Complete,,,,,IX_EMPLOYEE,,,,Improvement
NAS-135159,119651,Simplify core experiences in the UI,SCALE-25.10-ALPHA.1 (Goldeye),,,,Done,03/Apr/25 11:27 AM,31/Jul/25 10:54 AM,Medium,Complete,,,,,IX_EMPLOYEE,,,,Epic
NAS-135168,119669,Adapt to changes in crypto plugin on UI side,SCALE-25.10-ALPHA.1 (Goldeye),,,,Done,03/Apr/25 1:19 PM,14/Apr/25 2:36 PM,Medium,Complete,SCALE-25.10-ALPHA.1 (Goldeye),,,,doc_impact,IX_EMPLOYEE,,,Improvement
NAS-135178,119692,Add claude.md,SCALE-25.10-ALPHA.1 (Goldeye),,,,Done,04/Apr/25 5:12 AM,04/Apr/25 7:25 AM,Low,Complete,,,,,IX_EMPLOYEE,,,,Improvement
NAS-135189,119713,Add stats to instances table,SCALE-25.10-BETA.1 (Goldeye),,,,Done,04/Apr/25 9:06 AM,22/Jul/25 5:29 AM,Low,Complete,,,,,doc_impact,IX_EMPLOYEE,july-2510,,New Feature
NAS-135191,119716,network io in widget is incorrect,SCALE-25.10-ALPHA.1 (Goldeye),,,,Done,04/Apr/25 9:58 AM,10/Jun/25 8:22 PM,Low,Complete,SCALE-25.04-RC.1 (Fangtooth),,,,IX_EMPLOYEE,ready_for_assignment,,,Bug
NAS-135200,119747,Unable to authenticate directory users to FTP,SCALE-25.10-ALPHA.1 (Goldeye),,,,Done,05/Apr/25 3:10 AM,25/Jun/25 6:52 PM,Medium,Complete,SCALE-24.10.2 (ElectricEel),,,,COMMUNITY_USER,ready_for_review,,,Bug
NAS-135202,119752,"Scrutiny widget opens ""web portal"" to influxdb, not the scrutiny web ui",SCALE-25.10-ALPHA.1 (Goldeye),,,,Done,05/Apr/25 9:55 AM,12/May/25 3:38 AM,Low,Complete,Master - TrueNAS Nightlies,,,,IX_EMPLOYEE,,,,Bug
NAS-135204,119758,Local Replication Task Creation Hangs Indefinitely,SCALE-25.10-ALPHA.1 (Goldeye),SCALE-25.10-BETA.1 (Goldeye),,,Done,05/Apr/25 1:07 PM,14/Jul/25 3:27 AM,Low,Complete,SCALE-24.10.2.1 (ElectricEel),,,,COMMUNITY_USER,ready_for_review,,,Bug
NAS-135214,119811,Improvements for new user form,SCALE-25.10-ALPHA.1 (Goldeye),,,,Done,07/Apr/25 8:57 AM,14/Apr/25 4:35 AM,Medium,Complete,Master - TrueNAS Nightlies,,,,IX_EMPLOYEE,,,,Improvement
NAS-135216,119814,Build generic search filter presets component,SCALE-25.10-ALPHA.1 (Goldeye),,,,Done,07/Apr/25 9:33 AM,05/May/25 3:51 AM,Medium,Complete,Master - TrueNAS Nightlies,,,,IX_EMPLOYEE,,,,New Feature
NAS-135217,119815,Reduce usages of ChangeDetectorRef,SCALE-25.10-ALPHA.1 (Goldeye),,,,Done,07/Apr/25 9:36 AM,09/Apr/25 8:09 AM,Low,Complete,,,,,IX_EMPLOYEE,technical-improvement,,,Improvement
NAS-135230,119867,Build form inline editing component,SCALE-25.10-ALPHA.1 (Goldeye),,,,Done,08/Apr/25 5:29 AM,21/Apr/25 12:05 PM,Medium,Complete,,,,,IX_EMPLOYEE,,,,New Feature
NAS-135232,119870,Consume global `system.boot_id`,SCALE-25.10-ALPHA.1 (Goldeye),,,,Done,08/Apr/25 6:50 AM,12/May/25 3:38 AM,Low,Complete,,,,,IX_EMPLOYEE,technical-improvement,,,Improvement
NAS-135233,119872,Use ix-table for new user list,SCALE-25.10-ALPHA.1 (Goldeye),,,,Done,08/Apr/25 8:17 AM,19/Apr/25 6:24 AM,High,Complete,Master - TrueNAS Nightlies,,,,IX_EMPLOYEE,,,,Improvement
NAS-135235,119876,Simplify EmailCardComponent,SCALE-25.10-ALPHA.1 (Goldeye),,,,Done,08/Apr/25 10:40 AM,09/Apr/25 4:54 AM,Low,Complete,,,,,IX_EMPLOYEE,technical-improvement,,,Improvement
NAS-135251,119941,Move Create Dataset in explorer,SCALE-25.10-ALPHA.1 (Goldeye),,,,Done,09/Apr/25 6:23 AM,29/Apr/25 12:49 PM,Low,Complete,,,,,doc_impact,IX_EMPLOYEE,,,Improvement
NAS-135252,119942,Fix various UX issues,SCALE-25.10-ALPHA.1 (Goldeye),SCALE-26.04-ALPHA.1 (Halfmoon),,,Done,09/Apr/25 6:28 AM,11/Aug/25 11:27 AM,Low,Complete,,,,,doc_impact,IX_EMPLOYEE,,,Improvement
NAS-135253,119943,Simplify Network page – forms,SCALE-25.10-ALPHA.1 (Goldeye),SCALE-26.04-ALPHA.1 (Halfmoon),,,Done,09/Apr/25 6:29 AM,15/May/25 11:47 AM,Medium,Complete,,,,,doc_impact,IX_EMPLOYEE,,,Improvement
NAS-135256,119946,Simplify Services page,SCALE-25.10-ALPHA.1 (Goldeye),SCALE-26.04-ALPHA.1 (Halfmoon),,,Done,09/Apr/25 6:35 AM,02/May/25 5:10 AM,Low,Complete,,,,,IX_EMPLOYEE,,,,Improvement
NAS-135257,119947,Simplify Shell page,SCALE-25.10-ALPHA.1 (Goldeye),SCALE-26.04-ALPHA.1 (Halfmoon),,,Done,09/Apr/25 6:36 AM,28/Apr/25 3:59 AM,Low,Complete,,,,,IX_EMPLOYEE,,,,Improvement
NAS-135258,119948,Improvements for new user form v2,SCALE-25.10-ALPHA.1 (Goldeye),,,,Done,09/Apr/25 7:15 AM,21/Apr/25 5:00 AM,Medium,Complete,Master - TrueNAS Nightlies,,,,IX_EMPLOYEE,,,,Improvement
NAS-135259,119949,Be more strict about unused icons,SCALE-25.10-ALPHA.1 (Goldeye),,,,Done,09/Apr/25 8:26 AM,09/Apr/25 9:19 AM,Low,Complete,,,,,IX_EMPLOYEE,technical-improvement,,,Improvement
NAS-135267,119967,Use new feature for columns (remembering state) for all tables with column selection,SCALE-25.10-ALPHA.1 (Goldeye),,,,Done,09/Apr/25 12:15 PM,14/Apr/25 4:35 AM,Low,Complete,,,,,IX_EMPLOYEE,,,,Improvement
NAS-135278,120006,`*.query` events sent from `_get_crud_wrapper_func` must include `fields`,SCALE-25.10-ALPHA.1 (Goldeye),,,,Done,10/Apr/25 10:17 AM,11/Apr/25 4:18 AM,Undefined,Complete,SCALE-25.10-ALPHA.1 (Goldeye),,,,IX_EMPLOYEE,,,,Improvement
NAS-135314,120108,ui/signin page should give focus to username,SCALE-25.10-ALPHA.1 (Goldeye),SCALE-25.10-BETA.1 (Goldeye),,,Done,14/Apr/25 9:16 AM,14/Jul/25 3:27 AM,Low,Complete,Master - TrueNAS Nightlies,,,,IX_EMPLOYEE,,,,Bug
NAS-135317,120114,"Add ""cache_path"" for cloud backup tasks",SCALE-25.10-ALPHA.1 (Goldeye),,,,Done,14/Apr/25 9:49 AM,23/Apr/25 10:57 AM,High,Complete,,,,,doc_impact,IX_EMPLOYEE,,,Improvement
NAS-135328,120132,Switch UI to new-style jobs,SCALE-25.10-ALPHA.1 (Goldeye),,,,Done,14/Apr/25 4:19 PM,28/May/25 5:36 PM,Medium,Complete,,,,,IX_EMPLOYEE,,,,Improvement
NAS-135333,120147,Implement linking to a user on the new users page via a url,SCALE-25.10-ALPHA.1 (Goldeye),SCALE-25.10-BETA.1 (Goldeye),,,Done,15/Apr/25 7:51 AM,30/Jun/25 8:50 PM,Medium,Complete,,,,,IX_EMPLOYEE,,,,New Feature
NAS-135344,120168,Simplify some topbar items,SCALE-25.10-ALPHA.1 (Goldeye),,,,Done,15/Apr/25 12:23 PM,05/Aug/25 7:42 AM,Low,Complete,,,,,doc_impact,doc_resolved,IX_EMPLOYEE,,Improvement
NAS-135354,120211,Apps broken after upgrading to latest GE nightly.,SCALE-24.10-ALPHA.1 (ElectricEel),SCALE-25.10-ALPHA.1 (Goldeye),,,Done,15/Apr/25 9:38 PM,28/Apr/25 6:38 AM,Medium,Complete,Master - TrueNAS Nightlies,,,,IX_EMPLOYEE,,,,Bug
NAS-135357,120218,SMB Share user passwords break on every reboot,SCALE-25.10-ALPHA.1 (Goldeye),,,,Done,15/Apr/25 11:37 PM,16/Apr/25 12:29 PM,High,Complete,SCALE-25.04.0 (Fangtooth),,,,COMMUNITY_USER,,,,Bug
NAS-135360,120225,Add advanced user fields for new form,SCALE-25.10-ALPHA.1 (Goldeye),,,,Done,16/Apr/25 3:58 AM,08/May/25 8:52 AM,Low,Complete,,,,,IX_EMPLOYEE,,,,Improvement
NAS-135362,120228,Simplify Datasets page – pass 1,SCALE-25.10-ALPHA.1 (Goldeye),,,,Done,16/Apr/25 6:04 AM,08/May/25 2:34 PM,Medium,Complete,,,,,IX_EMPLOYEE,,,,Improvement
NAS-135364,120233,Simply Storage Dashboard – pass 1,SCALE-25.10-ALPHA.1 (Goldeye),,,,Done,16/Apr/25 6:18 AM,21/Aug/25 4:24 PM,Medium,Complete,,,,,doc_impact,IX_EMPLOYEE,,,Improvement
NAS-135413,120365,Add support for privileged containers,SCALE-25.10-ALPHA.1 (Goldeye),,,,Done,17/Apr/25 12:29 PM,15/May/25 8:18 AM,Medium,Complete,,,,,IX_EMPLOYEE,,,,Improvement
NAS-135414,120367,Convert support.* to versioned API,SCALE-25.10-ALPHA.1 (Goldeye),,,,Done,17/Apr/25 12:40 PM,21/Apr/25 2:24 PM,Medium,Complete,,,,,IX_EMPLOYEE,,,,Improvement
NAS-135416,120371,Model is not properly set in TNC when TNC is set in tn installer,SCALE-25.10-ALPHA.1 (Goldeye),SCALE-25.10-BETA.1 (Goldeye),,,Done,17/Apr/25 1:25 PM,13/Jun/25 5:06 PM,Medium,Complete,,,,,IX_EMPLOYEE,,,,Bug
NAS-135417,120372,Size column defaults to NaN B for many fo the list,SCALE-25.10-ALPHA.1 (Goldeye),,,,Done,17/Apr/25 1:38 PM,29/May/25 2:50 PM,Low,Complete,SCALE-25.04.0 (Fangtooth),,,,COMMUNITY_USER,ready_for_assignment,,,Bug
NAS-135435,120410,NFS client name with binary data does not play nice in the webinterface,SCALE-25.10-ALPHA.1 (Goldeye),,,,Done,18/Apr/25 4:33 AM,21/May/25 3:33 PM,Low,Complete,SCALE-24.10.2.1 (ElectricEel),,,,COMMUNITY_USER,ready_for_assignment,,,Bug
NAS-135438,120413,Update usage collection tooltip,SCALE-25.10-ALPHA.1 (Goldeye),,,,Done,18/Apr/25 8:24 AM,21/Apr/25 6:04 AM,Low,Complete,,,,,IX_EMPLOYEE,,,,Improvement
NAS-135454,120460,Instances (incus) do not restart after unlocking a dataset with a passphrase,SCALE-25.10-ALPHA.1 (Goldeye),,,,Done,19/Apr/25 10:48 AM,13/Jun/25 1:21 PM,Low,Complete,Master - TrueNAS Nightlies,,,,COMMUNITY_USER,ready_for_assignment,,,Bug
NAS-135467,120493,Stop showing stack trace in error dialogs by default,SCALE-25.10-ALPHA.1 (Goldeye),,,,Done,21/Apr/25 6:32 AM,22/Apr/25 9:15 AM,Low,Complete,,,,,IX_EMPLOYEE,,,,Improvement
NAS-135469,120497,Move Failover settings under Advanced Settings,SCALE-25.10-ALPHA.1 (Goldeye),,,,Done,21/Apr/25 8:51 AM,23/Apr/25 11:09 AM,Low,Complete,,,,,doc_impact,IX_EMPLOYEE,,,Improvement
NAS-135486,120562,Move Network under System,SCALE-25.10-ALPHA.1 (Goldeye),,,,Done,22/Apr/25 6:12 AM,25/Apr/25 5:34 AM,Low,Complete,,,,,IX_EMPLOYEE,,,,Improvement
NAS-135487,120563,Simplify system settings – pass 1,SCALE-25.10-ALPHA.1 (Goldeye),,,,Done,22/Apr/25 6:18 AM,23/Apr/25 11:10 AM,Medium,Complete,,,,,doc_impact,IX_EMPLOYEE,,,Improvement
NAS-135491,120576,Allow specifying image OS for virt VMs in UI,SCALE-25.10-ALPHA.1 (Goldeye),,,,Done,22/Apr/25 12:01 PM,18/Aug/25 1:38 PM,Low,Complete,,,,,doc_impact,IX_EMPLOYEE,,,Improvement
NAS-135493,120579,Allow specifying mac address for a NIC device in virt instances in UI,SCALE-25.10-ALPHA.1 (Goldeye),,,,Done,22/Apr/25 12:06 PM,01/May/25 3:28 PM,Medium,Complete,,,,,doc_impact,IX_EMPLOYEE,,,Improvement
NAS-135498,120620,Clean up helptext,SCALE-25.10-ALPHA.1 (Goldeye),,,,Done,22/Apr/25 3:00 PM,23/Apr/25 7:45 AM,Low,Complete,,,,,IX_EMPLOYEE,technical-improvement,,,Improvement
NAS-135499,120623,VM crashes every couple of days. Cannot restart.,SCALE-25.04.2 (Fangtooth),SCALE-25.10-ALPHA.1 (Goldeye),,,Done,22/Apr/25 3:53 PM,21/May/25 9:35 AM,Low,Complete,SCALE-25.04.0 (Fangtooth),,,,COMMUNITY_USER,ready_for_assignment,ready_for_review,release_notes_mention,Bug
NAS-135501,120629,instance container CallError,SCALE-25.10-ALPHA.1 (Goldeye),,,,Done,22/Apr/25 5:07 PM,30/Jun/25 8:21 AM,Low,Complete,SCALE-25.04.0 (Fangtooth),,,,COMMUNITY_USER,ready_for_assignment,,,Bug
NAS-135505,120648,Strongly typed translations,SCALE-25.10-ALPHA.1 (Goldeye),,,,Done,23/Apr/25 7:43 AM,24/Apr/25 2:37 AM,Medium,Complete,,,,,IX_EMPLOYEE,technical-improvement,,,Improvement
NAS-135508,120651,Update how we work with nodes in ix-explorer,SCALE-25.10-ALPHA.1 (Goldeye),,,,Done,23/Apr/25 8:12 AM,19/May/25 8:53 AM,Medium,Complete,,,,,IX_EMPLOYEE,,,,Improvement
NAS-135509,120654,Make share validation inline,SCALE-25.10-ALPHA.1 (Goldeye),,,,Done,23/Apr/25 8:28 AM,16/Jun/25 5:18 AM,Medium,Complete,,,,,IX_EMPLOYEE,,,,Improvement
NAS-135512,120658,Reduce number of errors logged to Sentry,SCALE-25.10-ALPHA.1 (Goldeye),,,,Done,23/Apr/25 9:02 AM,24/Apr/25 2:06 PM,Medium,Complete,,,,,IX_EMPLOYEE,technical-improvement,,,Improvement
NAS-135519,120685,"Using Paper theme, many dropdowns are barely visible",SCALE-25.10-BETA.1 (Goldeye),,,,Done,23/Apr/25 12:40 PM,29/Jul/25 4:17 AM,Medium,Complete,SCALE-25.04.0 (Fangtooth),,,,COMMUNITY_USER,es-2510,july-2510,ready_for_assignment,Bug
NAS-135549,120783,Introduce translateOptions pipe,SCALE-25.10-ALPHA.1 (Goldeye),,,,Done,25/Apr/25 7:36 AM,28/Apr/25 5:24 AM,Low,Complete,,,,,IX_EMPLOYEE,technical-improvement,,,Improvement
NAS-135555,120794,Simplify scrub tasks,SCALE-25.10-ALPHA.1 (Goldeye),,,,Done,25/Apr/25 9:26 AM,05/May/25 5:22 AM,Medium,Complete,,,,,doc_impact,IX_EMPLOYEE,,,Improvement
NAS-135556,120796,Simplify Datasets and Storage – pass 2,SCALE-25.10-ALPHA.1 (Goldeye),,,,Done,25/Apr/25 11:20 AM,21/Aug/25 4:22 PM,Medium,Complete,,,,,doc_impact,IX_EMPLOYEE,,,Improvement
NAS-135560,120807,Clean up helptext,SCALE-25.10-ALPHA.1 (Goldeye),,,,Done,25/Apr/25 1:12 PM,28/Apr/25 6:05 AM,Low,Complete,,,,,IX_EMPLOYEE,technical-improvement,,,Improvement
NAS-135572,120832,Drive Temperature Not Reporting on Any Pool,SCALE-25.10-ALPHA.1 (Goldeye),,,,Done,25/Apr/25 8:11 PM,12/Aug/25 9:23 AM,Blocker,Complete,SCALE-25.10-ALPHA.1 (Goldeye),,,,COMMUNITY_USER,ready_for_assignment,,,Bug
NAS-135592,120887,Adapt new password fields in new user page,SCALE-25.10-ALPHA.1 (Goldeye),,,,Done,28/Apr/25 6:32 AM,06/May/25 8:14 AM,Low,Complete,Master - TrueNAS Nightlies,,,,IX_EMPLOYEE,,,,Improvement
NAS-135611,120924,Switch to 3 dot menu for Shares and Data Protection,SCALE-25.10-ALPHA.1 (Goldeye),,,,Done,29/Apr/25 8:14 AM,09/May/25 10:03 AM,Medium,Complete,,,,,doc_impact,IX_EMPLOYEE,,,Improvement
NAS-135613,120926,Simplify Network page – tables,SCALE-25.10-ALPHA.1 (Goldeye),,,,Done,29/Apr/25 8:33 AM,03/Jun/25 8:31 AM,Medium,Complete,,,,,doc_impact,IX_EMPLOYEE,,,Improvement
NAS-135631,120976,Branch out apt mirrors for GE,SCALE-25.10-BETA.1 (Goldeye),,,,Done,30/Apr/25 9:18 AM,21/May/25 6:47 PM,Undefined,Complete,,,,,IX_EMPLOYEE,,,,New Feature
NAS-135653,121036,Incorrect Snapshots Displayed in 'Manage Snapshots' for Dataset,SCALE-25.10-BETA.1 (Goldeye),,,,Done,01/May/25 2:16 PM,24/Jul/25 12:05 AM,Medium,Complete,SCALE-25.04.0 (Fangtooth),,,,COMMUNITY_USER,es-backlog,ready_for_assignment,,Bug
NAS-135664,121066,Incorrect snapshot Last Run shows N/A,SCALE-25.10-ALPHA.1 (Goldeye),,,,Done,02/May/25 10:06 AM,08/May/25 7:41 AM,Medium,Complete,Master - TrueNAS Nightlies,,,,IX_EMPLOYEE,,,,Bug
NAS-135667,121072,Fix update.get_pending,SCALE-25.04.2 (Fangtooth),SCALE-25.10-ALPHA.1 (Goldeye),,,Done,02/May/25 10:48 AM,28/May/25 7:27 AM,Medium,Complete,SCALE-25.10-ALPHA.1 (Goldeye),,,,IX_EMPLOYEE,,,,Defect
NAS-135671,121081,[KRB5KDC_ERR_PREAUTH_FAILED] Errors on AD Often,SCALE-25.04.2 (Fangtooth),SCALE-25.10-ALPHA.1 (Goldeye),,,Done,02/May/25 11:29 AM,23/Jun/25 11:50 AM,Medium,Complete,SCALE-25.04.0 (Fangtooth),,,,COMMUNITY_USER,ready_for_assignment,,,Bug
NAS-135672,121083,Clean up helptext,SCALE-25.10-ALPHA.1 (Goldeye),,,,Done,02/May/25 12:17 PM,06/May/25 5:56 AM,Low,Complete,,,,,IX_EMPLOYEE,technical-improvement,,,Improvement
NAS-135700,121127,Unable to create a bond interface python input validation errors,SCALE-25.10-ALPHA.1 (Goldeye),,,,Done,04/May/25 5:24 AM,05/May/25 4:11 PM,High,Complete,Master - TrueNAS Nightlies,,,,COMMUNITY_USER,,,,Bug
NAS-135704,121138,Use 3 dot menu for more pages,SCALE-25.10-ALPHA.1 (Goldeye),,,,Done,05/May/25 4:46 AM,12/May/25 3:37 AM,Medium,Complete,,,,,doc_impact,IX_EMPLOYEE,,,Improvement
NAS-135715,121154,System lost the IPv6 GUA Address ,SCALE-25.04.2 (Fangtooth),SCALE-25.10-ALPHA.1 (Goldeye),,,Done,05/May/25 8:19 AM,16/Jul/25 2:10 PM,Medium,Complete,SCALE-25.04.0 (Fangtooth),,,,COMMUNITY_USER,ready_for_assignment,,,Bug
NAS-135720,121182,Allow migrating apps from one pool to another in the UI,SCALE-25.10-ALPHA.1 (Goldeye),,,,Done,05/May/25 12:04 PM,19/May/25 9:24 AM,Low,Complete,,,,,IX_EMPLOYEE,,,,New Feature
NAS-135728,121208,Make shutdown/reboot reasons an enterprise only feature,SCALE-25.10-ALPHA.1 (Goldeye),,,,Done,06/May/25 5:18 AM,19/May/25 9:24 AM,Low,Complete,,,,,IX_EMPLOYEE,,,,Improvement
NAS-135729,121209,Rsync tasks are gone after updating to latest nightly and replaced with dummy inserts,SCALE-25.10-ALPHA.1 (Goldeye),,,,Done,06/May/25 6:01 AM,12/May/25 3:37 AM,High,Complete,Master - TrueNAS Nightlies,,,,COMMUNITY_USER,ready_for_review,,,Bug
NAS-135731,121216,Unable to edit existing rsync task,SCALE-25.10-ALPHA.1 (Goldeye),,,,Done,06/May/25 6:59 AM,08/May/25 6:07 AM,Low,Complete,Master - TrueNAS Nightlies,,,,COMMUNITY_USER,,,,Bug
NAS-135734,121221,Better keypress handler for editable fields,SCALE-25.10-ALPHA.1 (Goldeye),,,,Done,06/May/25 8:06 AM,02/Jun/25 8:26 AM,Medium,Complete,Master - TrueNAS Nightlies,,,,IX_EMPLOYEE,,,,Improvement
NAS-135735,121222,"""存储""页签报错",SCALE-25.10-ALPHA.1 (Goldeye),,,,Done,06/May/25 8:35 AM,06/May/25 11:07 AM,Medium,Complete,Master - TrueNAS Nightlies,,,,COMMUNITY_USER,,,,Bug
NAS-135736,121224,无法发送测试邮件,SCALE-25.10-ALPHA.1 (Goldeye),,,,Done,06/May/25 8:39 AM,08/May/25 2:41 PM,Low,Complete,Master - TrueNAS Nightlies,,,,COMMUNITY_USER,,,,Bug
NAS-135745,121262,Improve roles column for new users table,SCALE-25.10-ALPHA.1 (Goldeye),,,,Done,07/May/25 5:13 AM,02/Jun/25 9:12 AM,Medium,Complete,,,,,IX_EMPLOYEE,,,,Improvement
NAS-135747,121264,Enhancements for the new user form,SCALE-25.10-ALPHA.1 (Goldeye),,,,Done,07/May/25 5:22 AM,02/Jun/25 6:46 AM,Medium,Complete,,,,,IX_EMPLOYEE,,,,Improvement
NAS-135748,121265,Snapshots no longer being removed after Fangtooth upgrade,SCALE-25.04.2 (Fangtooth),SCALE-25.10-ALPHA.1 (Goldeye),,,Done,07/May/25 5:52 AM,13/May/25 9:14 AM,Low,Complete,SCALE-25.04.0 (Fangtooth),,,,COMMUNITY_USER,ready_for_assignment,,,Bug
NAS-135753,121275,Add global nvme-of configuration to UI,SCALE-25.10-ALPHA.1 (Goldeye),,,,Done,07/May/25 11:02 AM,12/May/25 7:37 AM,Medium,Complete,,,,,IX_EMPLOYEE,,,,Improvement
NAS-135754,121276,NVMe-oF Subsystems table,SCALE-25.10-ALPHA.1 (Goldeye),,,,Done,07/May/25 11:38 AM,19/May/25 8:57 AM,Medium,Complete,,,,,IX_EMPLOYEE,,,,New Feature
NAS-135762,121294,Bring back B2 `chunk_size` option,SCALE-25.04.2 (Fangtooth),SCALE-25.10-ALPHA.1 (Goldeye),,,Done,07/May/25 2:33 PM,02/Jun/25 5:12 AM,Low,Complete,,,,,IX_EMPLOYEE,,,,Bug
NAS-135771,121313,Require checklist items to be resolved on PRs,SCALE-25.10-ALPHA.1 (Goldeye),,,,Done,08/May/25 5:06 AM,09/May/25 6:34 AM,Low,Complete,,,,,IX_EMPLOYEE,,,,Improvement
NAS-135781,121328,"""Reset Configuration"" changed to ""refresh"" is confusing",SCALE-25.10-ALPHA.1 (Goldeye),,,,Done,08/May/25 8:51 AM,16/May/25 4:01 AM,Low,Complete,SCALE-25.10-BETA.1 (Goldeye),,,,IX_EMPLOYEE,,,,Improvement
NAS-135782,121329,"Calls to app.update are not validated, causing middleware/UI failure",SCALE-25.10-ALPHA.1 (Goldeye),,,,Done,08/May/25 9:02 AM,13/May/25 3:27 PM,Low,Complete,SCALE-25.04.0 (Fangtooth),,,,COMMUNITY_USER,ready_for_assignment,,,Bug
NAS-135784,121333,Avoid TOCTOU issues in account and iscsi.target,SCALE-25.04.2 (Fangtooth),SCALE-25.10-ALPHA.1 (Goldeye),,,Done,08/May/25 10:24 AM,08/May/25 10:32 PM,Medium,Complete,Master - TrueNAS SCALE,,,,IX_EMPLOYEE,,,,Defect
NAS-135785,121335,please address review for LegacyAPI model behavior,SCALE-25.10-ALPHA.1 (Goldeye),SCALE-25.10-BETA.1 (Goldeye),,,Done,08/May/25 10:55 AM,09/May/25 2:53 PM,Medium,Complete,SCALE-25.04.0 (Fangtooth),,,,IX_EMPLOYEE,,,,Improvement
NAS-135796,121371,Add warning about unsaved changes to full-size forms,SCALE-25.10-ALPHA.1 (Goldeye),,,,Done,09/May/25 2:30 AM,16/Jun/25 5:18 AM,Low,Complete,,,,,IX_EMPLOYEE,,,,Improvement
NAS-135797,121372,"Replace `service.start`, stop, restart, reload with `service.control`",SCALE-25.10-ALPHA.1 (Goldeye),,,,Done,09/May/25 2:49 AM,12/Jun/25 5:53 AM,Medium,Complete,,,,,IX_EMPLOYEE,,,,Improvement
NAS-135798,121373,Add minimal forms for NVMe-oF entities,SCALE-25.10-ALPHA.1 (Goldeye),,,,Done,09/May/25 3:44 AM,09/May/25 7:15 AM,Medium,Complete,,,,,IX_EMPLOYEE,,,,New Feature
NAS-135826,121488,Incorrect unit used for network stats in apps,SCALE-25.10-ALPHA.1 (Goldeye),,,,Done,12/May/25 3:39 AM,11/Jun/25 2:35 AM,Medium,Complete,,,,,IX_EMPLOYEE,,,,Bug
NAS-135827,121489,Cleanup more helptext,SCALE-25.10-ALPHA.1 (Goldeye),,,,Done,12/May/25 4:32 AM,13/May/25 4:03 AM,Low,Complete,,,,,IX_EMPLOYEE,technical-improvement,,,Improvement
NAS-135828,121493,Add choices endpoints for `dhchap_dhgroup` and `dhchap_hash` in nvme-of,SCALE-25.10-ALPHA.1 (Goldeye),,,,Done,12/May/25 6:47 AM,12/May/25 1:22 PM,Medium,Complete,,,,,IX_EMPLOYEE,,,,New Feature
NAS-135829,121499,Add additional options to NVMe-oF forms,SCALE-25.10-ALPHA.1 (Goldeye),,,,Done,12/May/25 7:44 AM,14/May/25 10:04 AM,Medium,Complete,,,,,IX_EMPLOYEE,,,,New Feature
NAS-135831,121508,change zpool capacity alert verbiage (support team request),SCALE-25.04.2 (Fangtooth),SCALE-25.10-ALPHA.1 (Goldeye),,,Done,12/May/25 10:47 AM,13/May/25 7:19 AM,Medium,Complete,SCALE-24.10.2.2 (ElectricEel),,,,IX_EMPLOYEE,,,,Improvement
NAS-135837,121523,Allow passing endpoint to Storj credential in UI,SCALE-25.04.2 (Fangtooth),SCALE-25.10-ALPHA.1 (Goldeye),,,Done,12/May/25 2:58 PM,10/Jun/25 6:41 AM,Medium,Complete,,,,,doc_impact,doc_resolved,IX_EMPLOYEE,,Improvement
NAS-135843,121546,Improve empty states for multiple pages,SCALE-25.10-ALPHA.1 (Goldeye),,,,Done,13/May/25 3:58 AM,26/May/25 4:14 AM,Medium,Complete,,,,,IX_EMPLOYEE,,,,Improvement
NAS-135844,121550,remove mega rclone provider (not supported by mega),SCALE-25.04.2 (Fangtooth),SCALE-25.10-ALPHA.1 (Goldeye),,,Done,13/May/25 7:07 AM,03/Jun/25 7:57 AM,Medium,Complete,SCALE-25.04.1 (Fangtooth),,,,doc_impact,doc_resolved,IX_EMPLOYEE,,Improvement
NAS-135862,121604,Be more strict about duplicated icons,SCALE-25.10-ALPHA.1 (Goldeye),,,,Done,14/May/25 7:56 AM,15/May/25 5:07 AM,Low,Complete,,,,,IX_EMPLOYEE,technical-improvement,,,Improvement
NAS-135864,121610,Refactor error dialog when exporting a pool,SCALE-25.10-ALPHA.1 (Goldeye),,,,Done,14/May/25 9:30 AM,15/May/25 5:32 AM,Low,Complete,,,,,IX_EMPLOYEE,technical-improvement,,,Improvement
NAS-135865,121612,Add authentication fields to host form,SCALE-25.10-ALPHA.1 (Goldeye),,,,Done,14/May/25 10:14 AM,19/May/25 8:55 AM,Medium,Complete,,,,,IX_EMPLOYEE,,,,New Feature
NAS-135870,121644,[Application - Container Logs] Container logs can only display one line,SCALE-25.10-ALPHA.1 (Goldeye),,,,Done,14/May/25 1:57 PM,28/May/25 3:31 AM,Medium,Complete,Master - TrueNAS Nightlies,,,,COMMUNITY_USER,ready_for_review,,,Bug
NAS-135871,121650,Allow sorting apps in the UI by popularity rank,SCALE-25.10-ALPHA.1 (Goldeye),,,,Done,14/May/25 2:50 PM,09/Jun/25 3:09 AM,Medium,Complete,,,,,IX_EMPLOYEE,,,,New Feature
NAS-135881,121669,Add Authorized Hosts card,SCALE-25.10-ALPHA.1 (Goldeye),,,,Done,15/May/25 6:11 AM,20/May/25 11:15 AM,Medium,Complete,,,,,IX_EMPLOYEE,,,,New Feature
NAS-135882,121672,Add ports card in nvme subsystems,SCALE-25.10-ALPHA.1 (Goldeye),,,,Done,15/May/25 6:17 AM,09/Jun/25 1:31 PM,Medium,Complete,,,,,IX_EMPLOYEE,,,,New Feature
NAS-135902,121784,Backport several critical fixes including DirectIO enablement,SCALE-25.10-ALPHA.1 (Goldeye),,,,Done,16/May/25 6:50 AM,18/Aug/25 11:30 AM,Medium,Complete,Master - TrueNAS SCALE,,,,IX_EMPLOYEE,release_notes_mention,,,Defect
NAS-135908,121802,Clean up helptext,SCALE-25.10-ALPHA.1 (Goldeye),,,,Done,16/May/25 11:31 AM,16/May/25 4:15 PM,Low,Complete,,,,,IX_EMPLOYEE,technical-improvement,,,Improvement
NAS-135911,121817,Debug Improvement - Include Ethtool -m Output,SCALE-25.04.2 (Fangtooth),SCALE-25.10-ALPHA.1 (Goldeye),,,Done,16/May/25 3:55 PM,30/May/25 8:31 PM,Low,Complete,SCALE-25.04.0 (Fangtooth),,,,IX_EMPLOYEE,ready_for_assignment,,,Improvement
NAS-135912,121819,Debug Improvement - Fibre Channel Statistics,SCALE-25.10-ALPHA.1 (Goldeye),,,,Done,16/May/25 4:11 PM,19/Jun/25 2:18 PM,Medium,Complete,,,,,IX_EMPLOYEE,,,,Bug
NAS-135919,121832,Unable to open history file,SCALE-25.04.2 (Fangtooth),SCALE-25.10-ALPHA.1 (Goldeye),,,Done,17/May/25 9:26 AM,25/Jun/25 7:51 AM,Low,Complete,SCALE-25.04.0 (Fangtooth),,,,COMMUNITY_USER,ready_for_review,,,Bug
NAS-135927,121853,Add bandwidth limit to truecloud backup tasks,SCALE-25.10-ALPHA.1 (Goldeye),SCALE-25.10-BETA.1 (Goldeye),,,Done,19/May/25 5:03 AM,03/Jul/25 2:05 PM,Low,Complete,,,,,IX_EMPLOYEE,,,,New Feature
NAS-135943,121953,Add NVMe-oF card to Shares dashboard,SCALE-25.10-ALPHA.1 (Goldeye),,,,Done,20/May/25 7:32 AM,26/May/25 4:14 AM,Medium,Complete,,,,,IX_EMPLOYEE,,,,New Feature
NAS-135949,121965,Add port management functionality,SCALE-25.10-ALPHA.1 (Goldeye),,,,Done,20/May/25 11:16 AM,21/May/25 12:13 PM,Medium,Complete,,,,,IX_EMPLOYEE,,,,New Feature
NAS-135953,121988,Input is not a valid integer in SSH form,SCALE-25.04.2 (Fangtooth),SCALE-25.10-ALPHA.1 (Goldeye),,,Done,21/May/25 5:23 AM,22/May/25 11:36 AM,High,Complete,,,,,IX_EMPLOYEE,,,,Bug
NAS-135954,121990,Improve delete experience for ports and hosts,SCALE-25.10-ALPHA.1 (Goldeye),,,,Done,21/May/25 5:50 AM,02/Jun/25 5:12 AM,Medium,Complete,,,,,IX_EMPLOYEE,,,,New Feature
NAS-135955,121993,Add host management functionality,SCALE-25.10-ALPHA.1 (Goldeye),,,,Done,21/May/25 5:54 AM,23/May/25 6:53 AM,Medium,Complete,,,,,IX_EMPLOYEE,,,,New Feature
NAS-135956,121996,Add namespaces to subsystem form,SCALE-25.10-ALPHA.1 (Goldeye),,,,Done,21/May/25 6:00 AM,04/Jun/25 10:14 AM,Medium,Complete,,,,,IX_EMPLOYEE,,,,New Feature
NAS-135957,121999,Show warnings in table for unusable subsystems,SCALE-25.10-ALPHA.1 (Goldeye),,,,Done,21/May/25 6:02 AM,02/Jun/25 5:13 AM,Medium,Complete,,,,,IX_EMPLOYEE,,,,New Feature
NAS-135958,122001,Fix slide-in and dialog z-index issue,SCALE-25.10-ALPHA.1 (Goldeye),,,,Done,21/May/25 6:07 AM,05/Jun/25 2:13 PM,Medium,Complete,,,,,IX_EMPLOYEE,,,,Improvement
NAS-135959,122004,Recursively show all object fields in API docs,SCALE-25.04.2 (Fangtooth),SCALE-25.10-ALPHA.1 (Goldeye),,,Done,21/May/25 10:25 AM,30/May/25 8:26 PM,Medium,Complete,SCALE-24.10.0 (ElectricEel),SCALE-25.04.0 (Fangtooth),SCALE-25.04.1 (Fangtooth),,IX_EMPLOYEE,,,,Improvement
NAS-135960,122006,alert zpool after removed disk,SCALE-25.10-ALPHA.1 (Goldeye),,,,Done,21/May/25 10:48 AM,26/May/25 12:47 PM,Low,Complete,SCALE-25.04.0 (Fangtooth),,,,COMMUNITY_USER,ready_for_assignment,,,Bug
NAS-135963,122028,"""Static Routes"" gets partially obscured/squished if HTTP Proxy is set to a really long value",SCALE-25.10-ALPHA.1 (Goldeye),,,,Done,21/May/25 4:39 PM,26/May/25 6:55 AM,Low,Complete,SCALE-25.04.0 (Fangtooth),,,,COMMUNITY_USER,ready_for_assignment,WebUI,,Bug
NAS-135965,122032,Use pydantic models for apps schema instead of legacy schema classes,SCALE-25.10-ALPHA.1 (Goldeye),SCALE-25.10-BETA.1 (Goldeye),,,Done,21/May/25 6:46 PM,25/Jul/25 1:36 PM,Medium,Complete,,,,,IX_EMPLOYEE,,,,New Feature
NAS-135967,122035,Unable to edit Share ACL as a group is supposedly non existant,SCALE-25.04.2 (Fangtooth),SCALE-25.10-ALPHA.1 (Goldeye),,,Done,22/May/25 3:03 AM,23/May/25 11:41 AM,High,Complete,SCALE-24.10.2.1 (ElectricEel),,,,COMMUNITY_USER,,,,Bug
NAS-135969,122046,move STIG/FIPS API Integration tests to unit tests,SCALE-25.10-ALPHA.1 (Goldeye),SCALE-25.10-BETA.1 (Goldeye),,,Done,22/May/25 8:33 AM,05/Jun/25 10:03 AM,High,Complete,,,,,IX_EMPLOYEE,STIG,,,Improvement
NAS-135970,122052,Offer to start an nvme-of service after subsystem is created,SCALE-25.10-ALPHA.1 (Goldeye),,,,Done,22/May/25 9:45 AM,02/Jun/25 5:13 AM,Medium,Complete,,,,,IX_EMPLOYEE,,,,New Feature
NAS-135976,122062,Changes to `alertservice` API,SCALE-25.10-ALPHA.1 (Goldeye),,,,Done,22/May/25 1:05 PM,02/Jun/25 5:13 AM,Medium,Complete,,,,,IX_EMPLOYEE,,,,Improvement
NAS-135987,122089,Add hosts and ports to subsystem form,SCALE-25.10-ALPHA.1 (Goldeye),,,,Done,23/May/25 7:56 AM,26/May/25 7:47 AM,Medium,Complete,,,,,IX_EMPLOYEE,,,,New Feature
NAS-135988,122091,Dataset Details not consistent regarding Atime,SCALE-25.10-ALPHA.1 (Goldeye),,,,Done,23/May/25 8:56 AM,27/Jun/25 7:47 AM,Low,Complete,SCALE-25.04.0 (Fangtooth),,,,COMMUNITY_USER,ready_for_review,,,Bug
NAS-135995,122107,Docker - Allow configuring registry mirrors,N/A,SCALE-25.10-ALPHA.1 (Goldeye),,,Done,23/May/25 12:30 PM,17/Jul/25 10:09 AM,Low,Complete,,,,,IX_EMPLOYEE,ready_for_review,,,Improvement
NAS-136005,122122,"Create instance: switching from ""Upload ISO"" to ""Use a Linux"" image won't allow to create an instance",SCALE-25.04.2 (Fangtooth),SCALE-25.10-ALPHA.1 (Goldeye),,,Done,24/May/25 9:20 AM,09/Jun/25 3:09 AM,Low,Complete,SCALE-25.04.0 (Fangtooth),,,,COMMUNITY_USER,ready_for_review,,,Bug
NAS-136020,122154,pool.dataset.create returns obtuse error when parent does not exist,SCALE-25.10-ALPHA.1 (Goldeye),SCALE-25.10-BETA.1 (Goldeye),,,Done,26/May/25 12:07 AM,04/Jun/25 10:03 AM,Low,Complete,,,,,COMMUNITY_USER,ready_for_review,,,Bug
NAS-136025,122163,Make sure Select All only selects currently visible items,SCALE-25.04.2 (Fangtooth),SCALE-25.10-ALPHA.1 (Goldeye),,,Done,26/May/25 5:07 AM,09/Jun/25 3:09 AM,Medium,Complete,,,,,IX_EMPLOYEE,,,,Bug
NAS-136026,122166,Incentivize users to submit a bug,SCALE-25.10-ALPHA.1 (Goldeye),,,,Done,26/May/25 6:24 AM,02/Jun/25 5:13 AM,Low,Complete,,,,,IX_EMPLOYEE,,,,Improvement
NAS-136028,122168,Remove stateAsSignal,SCALE-25.10-ALPHA.1 (Goldeye),,,,Done,26/May/25 6:49 AM,28/May/25 5:06 AM,Low,Complete,,,,,IX_EMPLOYEE,technical-improvement,,,Improvement
NAS-136029,122170,Update icons for empty states,SCALE-25.10-ALPHA.1 (Goldeye),,,,Done,26/May/25 8:41 AM,27/May/25 5:12 AM,Low,Complete,,,,,IX_EMPLOYEE,,,,Improvement
NAS-136030,122172,Add view button to nvme card,SCALE-25.10-ALPHA.1 (Goldeye),,,,Done,26/May/25 8:49 AM,11/Jun/25 7:33 PM,Medium,Complete,,,,,IX_EMPLOYEE,,,,Improvement
NAS-136032,122177,Subsystem details card,SCALE-25.10-ALPHA.1 (Goldeye),,,,Done,26/May/25 10:36 AM,28/May/25 7:24 AM,Medium,Complete,,,,,IX_EMPLOYEE,,,,New Feature
NAS-136036,122186,Scroll jumping issue in datasets,SCALE-25.10-ALPHA.1 (Goldeye),SCALE-25.10-BETA.1 (Goldeye),,,Done,27/May/25 3:59 AM,14/Jul/25 3:27 AM,Low,Complete,,,,,IX_EMPLOYEE,,,,Bug
NAS-136066,122264,Make sure datasets which have canmount=noauto set are not mounted after replication,SCALE-25.10-ALPHA.1 (Goldeye),,,,Done,28/May/25 11:52 AM,30/May/25 3:50 AM,Undefined,Complete,,,,,IX_EMPLOYEE,,,,Bug
NAS-136071,122276,Add default title to dialog.confirm,SCALE-25.10-ALPHA.1 (Goldeye),,,,Done,28/May/25 2:17 PM,02/Jun/25 6:25 AM,Low,Complete,,,,,IX_EMPLOYEE,technical-improvement,,,Improvement
NAS-136089,122322,/usr/bin/cli --menu crashes when trying to create bond (link aggregation),SCALE-25.04.2 (Fangtooth),SCALE-25.10-ALPHA.1 (Goldeye),,,Done,29/May/25 4:41 PM,28/Jun/25 7:27 AM,Low,Complete,SCALE-25.04.1 (Fangtooth),,,,COMMUNITY_USER,ready_for_review,,,Bug
NAS-136108,122377,Upgrade and import from CORE 13.0U6.7 to SCALE 24.04.2.5 fails with middleware error (reopen),SCALE-25.10-ALPHA.1 (Goldeye),,,,Done,31/May/25 2:59 PM,12/Jun/25 3:57 AM,Low,Complete,13.0-U6.7,SCALE-24.04.2.5 (DragonFish),,,COMMUNITY_USER,ready_for_review,,,Bug
NAS-136114,122428,Remember last text size used in shell,Backlog,SCALE-25.10-ALPHA.1 (Goldeye),,,Done,02/Jun/25 4:44 AM,16/Jun/25 4:44 AM,Low,Complete,,,,,IX_EMPLOYEE,,,,Improvement
NAS-136115,122429,Add Auto-start column to Instances,SCALE-25.10-ALPHA.1 (Goldeye),,,,Done,02/Jun/25 4:48 AM,09/Jun/25 3:08 AM,Low,Complete,,,,,IX_EMPLOYEE,,,,Improvement
NAS-136118,122435,Add STIG related logic for new users,SCALE-25.10-ALPHA.1 (Goldeye),,,,Done,02/Jun/25 7:00 AM,09/Jun/25 3:08 AM,Medium,Complete,,,,,IX_EMPLOYEE,,,,Improvement
NAS-136120,122440,Connect shell and ssh checkboxes to user form,SCALE-25.10-ALPHA.1 (Goldeye),,,,Done,02/Jun/25 7:23 AM,14/Jul/25 8:21 AM,Medium,Complete,,,,,IX_EMPLOYEE,,,,Improvement
NAS-136132,122477,iSCSI only listening to local host,SCALE-25.04.2 (Fangtooth),SCALE-25.10-ALPHA.1 (Goldeye),,,Done,02/Jun/25 2:59 PM,04/Jun/25 10:13 AM,Low,Complete,SCALE-25.04.1 (Fangtooth),,,,COMMUNITY_USER,ready_for_review,,,Bug
NAS-136142,122508,Make error optional in slideIn.close,SCALE-25.10-ALPHA.1 (Goldeye),,,,Done,03/Jun/25 7:07 AM,03/Jun/25 8:30 AM,Low,Complete,,,,,IX_EMPLOYEE,technical-improvement,,,Improvement
NAS-136143,122510,Don't stay in nvme subsystem wizard on errors,SCALE-25.10-ALPHA.1 (Goldeye),,,,Done,03/Jun/25 7:15 AM,16/Jun/25 5:17 AM,Medium,Complete,,,,,IX_EMPLOYEE,,,,New Feature
NAS-136144,122514,Offer to delete underlying file when namespace is deleted,SCALE-25.10-ALPHA.1 (Goldeye),,,,Done,03/Jun/25 7:18 AM,06/Jun/25 6:11 AM,Medium,Complete,,,,,IX_EMPLOYEE,,,,New Feature
NAS-136153,122547,Include Mellanox Tools(mstflint) for managing Firmware and mode,SCALE-25.10-ALPHA.1 (Goldeye),,,,Done,03/Jun/25 4:48 PM,23/Jun/25 11:34 AM,Low,Complete,,,,,IX_EMPLOYEE,ready_for_review,,,Improvement
NAS-136168,122575,Update to Angular 20,SCALE-25.10-ALPHA.1 (Goldeye),SCALE-25.10-BETA.1 (Goldeye),,,Done,04/Jun/25 8:11 AM,15/Jul/25 8:17 AM,Low,Complete,,,,,doc_impact,IX_EMPLOYEE,technical-improvement,,Improvement
NAS-136176,122587,Update gold eye mirrors,SCALE-25.10-ALPHA.1 (Goldeye),,,,Done,04/Jun/25 9:51 AM,30/Jun/25 6:21 AM,Undefined,Complete,,,,,IX_EMPLOYEE,,,,Improvement
NAS-136189,122624,Update stopped color to gray,SCALE-25.10-ALPHA.1 (Goldeye),,,,Done,05/Jun/25 4:16 AM,16/Jun/25 5:17 AM,Low,Complete,,,,,IX_EMPLOYEE,,,,Improvement
NAS-136190,122625,Change the order of warnings when installing first app,SCALE-25.10-ALPHA.1 (Goldeye),,,,Done,05/Jun/25 4:24 AM,06/Jun/25 5:20 AM,Low,Complete,,,,,IX_EMPLOYEE,,,,Improvement
NAS-136193,122629,NVME-oF Namespaces -> Add Namespace -> Existing File -> list is not updated if new file created,SCALE-25.10-ALPHA.1 (Goldeye),,,,Done,05/Jun/25 6:05 AM,23/Jun/25 7:28 AM,Medium,Complete,,,,,IX_EMPLOYEE,,,,Defect
NAS-136195,122632,Add ability to create zvols in ix-explorer,SCALE-25.10-ALPHA.1 (Goldeye),,,,Done,05/Jun/25 6:18 AM,11/Jun/25 4:10 AM,Medium,Complete,,,,,IX_EMPLOYEE,,,,Improvement
NAS-136200,122639,Discard directory services credentials when pwenc secret is removed,SCALE-25.10-ALPHA.1 (Goldeye),,,,Done,05/Jun/25 8:22 AM,05/Jun/25 2:27 PM,Low,Complete,,,,,IX_EMPLOYEE,,,,Bug
NAS-136202,122642,Replace secondary fields with editables in zvol form,SCALE-25.10-ALPHA.1 (Goldeye),,,,Done,05/Jun/25 10:37 AM,10/Jun/25 12:00 PM,Low,Complete,,,,,doc_impact,IX_EMPLOYEE,,,Improvement
NAS-136213,122676,"Too many arguments (expected 1, found 2) EEFAULT",SCALE-25.10-ALPHA.1 (Goldeye),,,,Done,06/Jun/25 6:34 AM,12/Jun/25 3:56 AM,Medium,Complete,Master - TrueNAS Nightlies,,,,COMMUNITY_USER,ready_for_assignment,,,Bug
NAS-136223,122700,Cant create ACME Certificate,SCALE-25.04.2 (Fangtooth),SCALE-25.10-ALPHA.1 (Goldeye),,,Done,06/Jun/25 2:01 PM,05/Aug/25 7:45 AM,Medium,Complete,SCALE-25.04.1 (Fangtooth),,,,doc_impact,doc_resolved,from_ui,ready_for_review,Bug
NAS-136228,122717,Improve validation of FILE device_path for nvmet namespace,SCALE-25.10-ALPHA.1 (Goldeye),,,,Done,06/Jun/25 8:52 PM,09/Jun/25 11:04 AM,Low,Complete,SCALE-25.10-ALPHA.1 (Goldeye),,,,,,,,Defect
NAS-136229,122718,Bulk Prune TrueCloud Snapshots,SCALE-25.10-ALPHA.1 (Goldeye),,,,Done,06/Jun/25 10:03 PM,07/Jul/25 12:43 PM,Low,Complete,SCALE-25.04.0 (Fangtooth),,,,from_ui,ready_for_review,,,Bug
NAS-136246,122761,Cannot open user form,SCALE-25.10-ALPHA.1 (Goldeye),,,,Done,09/Jun/25 7:37 AM,18/Jun/25 8:21 AM,High,Complete,,,,,,,,,Defect
NAS-136253,122806,Adjust webui for SMB share schema changes related to new API,SCALE-25.10-ALPHA.1 (Goldeye),SCALE-25.10-BETA.1 (Goldeye),,,Done,09/Jun/25 12:11 PM,07/Jul/25 12:17 PM,High,Complete,,,,,doc_impact,,,,Defect
NAS-136255,122817,Fix bug in test__pool_export_import,SCALE-25.10-ALPHA.1 (Goldeye),,,,Done,09/Jun/25 1:58 PM,09/Jun/25 2:04 PM,Low,Complete,SCALE-25.10-ALPHA.1 (Goldeye),,,,,,,,Defect
NAS-136256,122818,disk.query is broken in master,SCALE-25.10-ALPHA.1 (Goldeye),,,,Done,09/Jun/25 1:59 PM,13/Jun/25 3:37 PM,High,Complete,,,,,,,,,Defect
NAS-136257,122823,Remove legacy schema references in smb.status,SCALE-25.10-ALPHA.1 (Goldeye),,,,Done,09/Jun/25 2:49 PM,09/Jun/25 3:55 PM,Medium,Complete,SCALE-25.10-ALPHA.1 (Goldeye),,,,,,,,Defect
NAS-136258,122827,Fix IPA HA tests,SCALE-25.10-ALPHA.1 (Goldeye),,,,Done,09/Jun/25 4:53 PM,09/Jun/25 4:58 PM,Medium,Complete,SCALE-25.10-ALPHA.1 (Goldeye),,,,,,,,Defect
NAS-136260,122830,Can't create Replication task using the wizard,SCALE-25.10-ALPHA.1 (Goldeye),,,,Done,09/Jun/25 7:26 PM,20/Jun/25 3:16 AM,Medium,Complete,Master - TrueNAS SCALE,,,,,,,,Bug
NAS-136262,122843,Some slide-ins are not closed on logout,SCALE-25.10-ALPHA.1 (Goldeye),,,,Done,10/Jun/25 5:06 AM,30/Jun/25 6:34 AM,Medium,Complete,,,,,,,,,Defect
NAS-136263,122844,Fix issues in filesystem utils,SCALE-25.04.2 (Fangtooth),SCALE-25.10-ALPHA.1 (Goldeye),,,Done,10/Jun/25 6:20 AM,10/Jun/25 6:26 AM,Low,Complete,SCALE-25.10-ALPHA.1 (Goldeye),,,,,,,,Defect
NAS-136265,122852,Dataset input is too large,SCALE-25.10-ALPHA.1 (Goldeye),SCALE-25.10-BETA.1 (Goldeye),,,Done,10/Jun/25 8:32 AM,03/Jul/25 8:38 AM,Medium,Complete,,,,,,,,,Defect
NAS-136266,122856,Various fixes for nvme-of,SCALE-25.10-ALPHA.1 (Goldeye),,,,Done,10/Jun/25 10:14 AM,12/Jun/25 6:47 AM,Low,Complete,,,,,,,,,Defect
NAS-136268,122867,Fix `directoryservice.bindip_choices`,SCALE-25.10-ALPHA.1 (Goldeye),,,,Done,10/Jun/25 12:17 PM,10/Jun/25 12:49 PM,Medium,Complete,SCALE-25.10-ALPHA.1 (Goldeye),,,,,,,,Defect
NAS-136272,122890,"Add support for ""all hosts"" option in Hosts card",SCALE-25.10-ALPHA.1 (Goldeye),,,,Done,11/Jun/25 2:50 AM,23/Jun/25 7:28 AM,Medium,Complete,,,,,IX_EMPLOYEE,,,,New Feature
NAS-136277,122901,YAML state becomes inconsistent after updating content,SCALE-25.10-BETA.1 (Goldeye),,,,Done,11/Jun/25 8:49 AM,22/Jul/25 5:29 AM,Low,Complete,SCALE-24.10.2.2 (ElectricEel),,,,COMMUNITY_USER,es-2510,july-2510,ready_for_review,Bug
NAS-136280,122912,Improvements for user details section,SCALE-25.10-ALPHA.1 (Goldeye),,,,Done,11/Jun/25 10:42 AM,23/Jun/25 7:28 AM,Medium,Complete,,,,,IX_EMPLOYEE,,,,Improvement
NAS-136286,122935,Fix password fields in new user form,SCALE-25.10-ALPHA.1 (Goldeye),,,,Done,11/Jun/25 3:15 PM,13/Jun/25 7:35 AM,Low,Complete,,,,,IX_EMPLOYEE,,,,Improvement
NAS-136296,122965,Setting the primary group to `builtin_administrators` during creation doesn't work,SCALE-25.10-ALPHA.1 (Goldeye),,,,Done,12/Jun/25 10:10 AM,24/Jun/25 11:21 AM,Medium,Complete,,,,,IX_EMPLOYEE,,,,Bug
NAS-136310,123008,Stopping / starting service is not logged in Audit,SCALE-25.04.2 (Fangtooth),SCALE-25.04.3 (Fangtooth),SCALE-25.10-ALPHA.1 (Goldeye),SCALE-25.10-BETA.1 (Goldeye),Done,13/Jun/25 4:19 AM,25/Jun/25 12:27 PM,Medium,Complete,,,,,IX_EMPLOYEE,,,,Improvement
NAS-136312,123012,Improvements for table in new users,SCALE-25.10-ALPHA.1 (Goldeye),,,,Done,13/Jun/25 7:49 AM,23/Jun/25 7:30 AM,Medium,Complete,,,,,IX_EMPLOYEE,,,,Improvement
NAS-136313,123015,Improvements for filters in new users,SCALE-25.10-ALPHA.1 (Goldeye),SCALE-25.10-BETA.1 (Goldeye),,,Done,13/Jun/25 7:55 AM,14/Jul/25 8:38 AM,Medium,Complete,,,,,IX_EMPLOYEE,,,,Improvement
NAS-136317,123022,Form in a Sidenav -> loading bar is not fully visibly,SCALE-25.10-ALPHA.1 (Goldeye),,,,Done,13/Jun/25 8:25 AM,23/Jun/25 7:28 AM,Medium,Complete,,,,,IX_EMPLOYEE,,,,Bug
NAS-136318,123023,Unsaved changes dialog appears after successfully submitting the full-width forms,SCALE-25.10-ALPHA.1 (Goldeye),,,,Done,13/Jun/25 8:31 AM,23/Jun/25 7:29 AM,Medium,Complete,,,,,IX_EMPLOYEE,,,,Bug
NAS-136319,123025,Improvements for Access card,SCALE-25.10-ALPHA.1 (Goldeye),,,,Done,13/Jun/25 8:38 AM,17/Jun/25 2:09 PM,Medium,Complete,,,,,IX_EMPLOYEE,,,,Improvement
NAS-136328,123073,"When logging in with OTP, middleware returns `TOKEN_PLAIN` as auth mechanism",N/A,SCALE-25.04.2 (Fangtooth),SCALE-25.10-ALPHA.1 (Goldeye),,Done,14/Jun/25 8:24 PM,20/Jun/25 4:11 PM,Low,Complete,Master - TrueNAS Nightlies,,,,IX_EMPLOYEE,,,,Bug
NAS-136329,123074,Using API Key with REST API in Scale 25.04.1 Returns Incorrect 401,SCALE-25.04.2 (Fangtooth),SCALE-25.10-ALPHA.1 (Goldeye),,,Done,14/Jun/25 10:30 PM,20/Jun/25 3:30 PM,High,Complete,SCALE-25.04.0 (Fangtooth),SCALE-25.04.1 (Fangtooth),,,COMMUNITY_USER,ready_for_review,,,Bug
NAS-136331,123078,Use `protected` in more places,SCALE-25.10-ALPHA.1 (Goldeye),,,,Done,15/Jun/25 4:49 AM,16/Jun/25 11:20 AM,Low,Complete,,,,,IX_EMPLOYEE,technical-improvement,,,Improvement
NAS-136338,123094,"Credentials -> Users ""Can not retrieve response""",SCALE-25.04.2 (Fangtooth),SCALE-25.10-BETA.1 (Goldeye),,,Done,16/Jun/25 5:41 AM,30/Jun/25 9:30 AM,Medium,Complete,SCALE-25.04.1 (Fangtooth),,,,COMMUNITY_USER,ready_for_assignment,,,Bug
NAS-136339,123097,"EEFault Too Many Arguments (expected 1, found 2) is still happening ",SCALE-25.04.2 (Fangtooth),SCALE-25.10-ALPHA.1 (Goldeye),SCALE-25.10-BETA.1 (Goldeye),,Done,16/Jun/25 5:48 AM,25/Jun/25 9:55 AM,Medium,Complete,Master - TrueNAS Nightlies,,,,COMMUNITY_USER,ready_for_assignment,,,Bug
NAS-136347,123129,Netbiosname length undefined in join_ipa,SCALE-25.10-ALPHA.1 (Goldeye),SCALE-25.10-BETA.1 (Goldeye),,,Done,16/Jun/25 12:16 PM,18/Jun/25 7:39 AM,Medium,Complete,,,,,IX_EMPLOYEE,,,,Bug
NAS-136360,123177,Changing Network from DHCP to Static Causes Issues,SCALE-25.10-ALPHA.1 (Goldeye),SCALE-25.10-BETA.1 (Goldeye),,,Done,17/Jun/25 2:41 PM,14/Jul/25 10:40 AM,Medium,Complete,SCALE-24.10.2.2 (ElectricEel),SCALE-25.04.1 (Fangtooth),,,COMMUNITY_USER,july-2510,ready_for_assignment,,Bug
NAS-136365,123187,Use private in more methods,SCALE-25.10-ALPHA.1 (Goldeye),,,,Done,18/Jun/25 5:38 AM,18/Jun/25 10:47 AM,Low,Complete,,,,,IX_EMPLOYEE,technical-improvement,,,Improvement
NAS-136371,123211,Finish support for update tagging,SCALE-25.10-ALPHA.1 (Goldeye),SCALE-25.10-BETA.1 (Goldeye),,,Done,19/Jun/25 5:09 AM,11/Jul/25 2:04 AM,High,Complete,,,,,IX_EMPLOYEE,,,,New Feature
NAS-136372,123213,Various smaller fixes,SCALE-25.10-ALPHA.1 (Goldeye),,,,Done,19/Jun/25 5:11 AM,20/Jun/25 3:17 AM,Low,Complete,,,,,IX_EMPLOYEE,,,,Improvement
NAS-136373,123214,Automate PR creation,SCALE-25.10-ALPHA.1 (Goldeye),,,,Done,19/Jun/25 8:55 AM,23/Jun/25 6:00 AM,Low,Complete,,,,,IX_EMPLOYEE,technical-improvement,,,Improvement
NAS-136374,123216,De-emphasize some fields in cloud credentials form,SCALE-25.10-ALPHA.1 (Goldeye),,,,Done,19/Jun/25 9:34 AM,05/Aug/25 7:46 AM,Low,Complete,,,,,doc_impact,doc_resolved,IX_EMPLOYEE,,Improvement
NAS-136387,123242,Fix searchable elements for NVMe-oF and new users page,SCALE-25.10-ALPHA.1 (Goldeye),,,,Done,20/Jun/25 3:35 AM,30/Jun/25 6:34 AM,Low,Complete,,,,,IX_EMPLOYEE,,,,New Feature
NAS-136405,123265,Update ZFS to 2.2.3 release tag and cherry-pick extra fixes,SCALE-25.10-ALPHA.1 (Goldeye),,,,Done,20/Jun/25 1:45 PM,23/Jun/25 8:52 AM,High,Complete,SCALE-25.04.1 (Fangtooth),,,,IX_EMPLOYEE,,,,Improvement
NAS-136419,123285,Improve messaging for OTP password and http credentials,SCALE-25.10-ALPHA.1 (Goldeye),,,,Done,23/Jun/25 6:30 AM,25/Jun/25 8:38 AM,Low,Complete,,,,,doc_impact,IX_EMPLOYEE,,,Improvement
NAS-136423,123291,More fixes for new user management,SCALE-25.10-ALPHA.1 (Goldeye),,,,Done,23/Jun/25 9:14 AM,30/Jun/25 6:34 AM,Medium,Complete,,,,,IX_EMPLOYEE,,,,New Feature
NAS-136434,123320,Dashboard -> Apps Widget -> Application type Block I/O chart wrong,SCALE-25.10-BETA.1 (Goldeye),SCALE-26.04-BETA.1 (Halfmoon),,,Done,23/Jun/25 4:34 PM,29/Jul/25 4:17 AM,Low,Complete,SCALE-25.04.1 (Fangtooth),,,,es-2510,IX_EMPLOYEE,july-2510,ready_for_review,Bug
NAS-136442,123334,"""View Disk Space Reports"" link on reporting page doesn't take you to reports about disk space.",SCALE-25.10-ALPHA.1 (Goldeye),SCALE-25.10-BETA.1 (Goldeye),,,Done,24/Jun/25 10:51 AM,14/Jul/25 3:27 AM,Low,Complete,SCALE-24.10.2.2 (ElectricEel),,,,COMMUNITY_USER,ready_for_review,,,Bug
NAS-136454,123389,Add playwright support to claude,SCALE-25.10-ALPHA.1 (Goldeye),SCALE-25.10-BETA.1 (Goldeye),,,Done,25/Jun/25 12:42 PM,29/Jun/25 9:52 AM,Low,Complete,,,,,IX_EMPLOYEE,,,,Improvement
NAS-136456,123396,Remove @angular/animations,SCALE-25.10-ALPHA.1 (Goldeye),SCALE-25.10-BETA.1 (Goldeye),,,Done,26/Jun/25 5:31 AM,03/Jul/25 6:37 AM,Medium,Complete,,,,,IX_EMPLOYEE,technical-improvement,,,Improvement
NAS-136466,123418,Add secure boot checkbox to UI,SCALE-25.04.2 (Fangtooth),SCALE-25.04.3 (Fangtooth),SCALE-25.10-ALPHA.1 (Goldeye),SCALE-25.10-BETA.1 (Goldeye),Done,27/Jun/25 4:38 AM,05/Aug/25 7:43 AM,Medium,Complete,,,,,doc_impact,doc_resolved,IX_EMPLOYEE,,New Feature
NAS-136499,123537,Enable access-based-enumeration for NFSv4 acltype shares,SCALE-25.10-BETA.1 (Goldeye),,,,Done,30/Jun/25 4:37 PM,15/Aug/25 11:07 AM,Medium,Complete,,,,,doc_impact,IX_EMPLOYEE,release_notes_mention,,Defect
NAS-136503,123546,Be smarter about timemachine shares and SMB2/3 extensions,SCALE-25.10-ALPHA.1 (Goldeye),SCALE-25.10-BETA.1 (Goldeye),,,Done,01/Jul/25 4:01 AM,10/Jul/25 8:07 AM,Medium,Complete,,,,,IX_EMPLOYEE,,,,Improvement
NAS-136509,123559,Enterprise-readiness for VMs on HA systems,SCALE-25.10-BETA.1 (Goldeye),,,,Done,01/Jul/25 10:24 AM,18/Aug/25 2:37 PM,High,Complete,SCALE-25.04.2 (Fangtooth),,,,Features,IX_EMPLOYEE,VM,,Epic
NAS-136510,123567,RClone Version is outdated and contains bugs,SCALE-25.10-ALPHA.1 (Goldeye),SCALE-25.10-BETA.1 (Goldeye),,,Done,01/Jul/25 12:43 PM,09/Jul/25 8:23 AM,Low,Complete,Master - TrueNAS Nightlies,,,,COMMUNITY_USER,ready_for_review,,,Bug
NAS-136514,123578,Support rate limiting for TrueCloud Backup tasks in the UI,SCALE-25.10-ALPHA.1 (Goldeye),SCALE-25.10-BETA.1 (Goldeye),,,Done,01/Jul/25 5:48 PM,18/Jul/25 12:27 PM,Low,Complete,,,,,doc_impact,IX_EMPLOYEE,july-2510,,Improvement
NAS-136520,123610,"Transport Type just spins, cannot Add Port on NVMeOF",SCALE-25.10-ALPHA.1 (Goldeye),SCALE-25.10-BETA.1 (Goldeye),,,Done,02/Jul/25 9:16 AM,07/Jul/25 7:16 AM,Medium,Complete,Master - TrueNAS Nightlies,,,,IX_EMPLOYEE,,,,Bug
NAS-136521,123621,Cannot add/save a port in NVMe-oF without a static address,SCALE-25.10-ALPHA.1 (Goldeye),SCALE-25.10-BETA.1 (Goldeye),,,Done,02/Jul/25 9:51 AM,10/Jul/25 4:13 AM,Low,Complete,Master - TrueNAS Nightlies,,,,IX_EMPLOYEE,,,,Bug
NAS-136526,123639,Some NVMe-oF Global Settings should be hidden,SCALE-25.10-ALPHA.1 (Goldeye),SCALE-25.10-BETA.1 (Goldeye),,,Done,02/Jul/25 1:11 PM,04/Jul/25 2:45 AM,Low,Complete,Master - TrueNAS Nightlies,,,,from_ui,IX_EMPLOYEE,,,Bug
NAS-136550,123680,Use claude for PR reviews,SCALE-25.10-ALPHA.1 (Goldeye),SCALE-25.10-BETA.1 (Goldeye),,,Done,03/Jul/25 12:19 PM,07/Jul/25 5:32 AM,Medium,Complete,,,,,IX_EMPLOYEE,technical-improvement,,,Improvement
NAS-136553,123688,Expose secure/insecure registry mirrors in docker configuration UI,SCALE-25.10-ALPHA.1 (Goldeye),SCALE-25.10-BETA.1 (Goldeye),,,Done,03/Jul/25 4:21 PM,15/Jul/25 8:48 AM,Low,Complete,,,,,doc_impact,IX_EMPLOYEE,,,New Feature
NAS-136560,123703,Web UI SMB create mask / diectory mask documented defaults do not match generated smb.conf,SCALE-25.10-ALPHA.1 (Goldeye),SCALE-25.10-BETA.1 (Goldeye),,,Done,04/Jul/25 11:45 AM,10/Jul/25 3:25 AM,Medium,Complete,SCALE-25.04.1 (Fangtooth),,,,COMMUNITY_USER,ready_for_review,,,Bug
NAS-136563,123709,Update GE mirrors,SCALE-25.10-BETA.1 (Goldeye),,,,Done,05/Jul/25 10:39 AM,05/Jul/25 3:21 PM,Undefined,Complete,,,,,IX_EMPLOYEE,,,,New Feature
NAS-136572,123730,Add developer documentation,SCALE-25.10-ALPHA.1 (Goldeye),SCALE-25.10-BETA.1 (Goldeye),,,Done,07/Jul/25 6:45 AM,09/Jul/25 2:30 AM,Low,Complete,,,,,IX_EMPLOYEE,technical-improvement,,,Improvement
NAS-136574,123734,Show network interface description in the table,N/A,SCALE-25.10-ALPHA.1 (Goldeye),,,Done,07/Jul/25 7:10 AM,07/Jul/25 7:51 AM,Low,Complete,,,,,IX_EMPLOYEE,,,,Improvement
NAS-136588,123756,Add sudo commands fields,SCALE-25.10-BETA.1 (Goldeye),,,,Done,07/Jul/25 9:37 AM,29/Jul/25 4:17 AM,High,Complete,,,,,IX_EMPLOYEE,,,,New Feature
NAS-136593,123772,Add final event for API installation completion,SCALE-25.10-ALPHA.1 (Goldeye),SCALE-25.10-BETA.1 (Goldeye),,,Done,07/Jul/25 10:57 AM,17/Jul/25 10:10 AM,Medium,Complete,,,,,IX_EMPLOYEE,,,,Improvement
NAS-136625,123836,get error 'NoneType' object is not subscriptable when trying to create vdev in pool with removed disk,SCALE-25.04.2 (Fangtooth),SCALE-25.10-BETA.1 (Goldeye),,,Done,08/Jul/25 11:49 PM,22/Jul/25 5:06 AM,Low,Complete,SCALE-25.04.1 (Fangtooth),,,,COMMUNITY_USER,july-2510,ready_for_review,,Bug
NAS-136628,123846,Expect 401 when revoking TNC certificate,SCALE-25.10-ALPHA.1 (Goldeye),SCALE-25.10-RC.1 (Goldeye),,,Done,09/Jul/25 11:14 AM,17/Jul/25 10:06 AM,Low,Complete,SCALE-25.10-ALPHA.1 (Goldeye),,,,IX_EMPLOYEE,,,,Bug
NAS-136630,123855,Remove idmap_autorid as a choice for idmap backends,SCALE-25.10-ALPHA.1 (Goldeye),,,,Done,09/Jul/25 2:25 PM,15/Aug/25 11:08 AM,Medium,Complete,SCALE-25.10-ALPHA.1 (Goldeye),,,,doc_impact,IX_EMPLOYEE,release_notes_mention,,Defect
NAS-136653,123910,Investigate how we can improve reporting for critical GPUs wrt passthrough,SCALE-25.10-BETA.1 (Goldeye),,,,Done,10/Jul/25 5:21 PM,30/Jul/25 6:40 AM,Low,Complete,,,,,IX_EMPLOYEE,july-2510,,,Improvement
NAS-136666,123934,Expand Pool Error,SCALE-25.10-BETA.1 (Goldeye),SCALE-25.10-RC.1 (Goldeye),,,Done,11/Jul/25 6:18 PM,21/Jul/25 1:50 PM,Low,Complete,SCALE-25.04.1 (Fangtooth),,,,COMMUNITY_USER,ready_for_assignment,,,Bug
NAS-136674,123975,Optimize samba reopens from pathref struct files_struct,SCALE-25.10-BETA.1 (Goldeye),,,,Done,12/Jul/25 9:19 PM,15/Jul/25 8:33 AM,Medium,Complete,,,,,IX_EMPLOYEE,,,,Improvement
NAS-136676,123977,No indication that apps are using an IP address that has been removed,SCALE-25.10-BETA.1 (Goldeye),,,,Done,13/Jul/25 10:11 AM,25/Jul/25 8:34 AM,Low,Complete,SCALE-25.04.1 (Fangtooth),,,,COMMUNITY_USER,,,,Bug
NAS-136688,124009,Build issue of WebUI,SCALE-25.10-ALPHA.1 (Goldeye),SCALE-25.10-BETA.1 (Goldeye),,,Done,14/Jul/25 1:37 PM,14/Jul/25 3:58 PM,High,Complete,,,,,IX_EMPLOYEE,,,,Bug
NAS-136703,124028,fix token already exists error in mw,SCALE-25.10-ALPHA.1 (Goldeye),SCALE-25.10-BETA.1 (Goldeye),,,Done,15/Jul/25 7:57 AM,17/Jul/25 10:04 AM,Blocker,Complete,,,,,IX_EMPLOYEE,,,,Improvement
NAS-136722,124062,Port middleware interface TNC changes to truenas installer,SCALE-25.10-BETA.1 (Goldeye),,,,Done,15/Jul/25 4:24 PM,25/Jul/25 9:49 AM,High,Complete,,,,,IX_EMPLOYEE,,,,New Feature
NAS-136741,124102,Everyday middlewared hangs and prevents me from using the web-ui,SCALE-25.04.2 (Fangtooth),SCALE-25.10-BETA.1 (Goldeye),,,Done,17/Jul/25 3:50 AM,18/Jul/25 10:47 AM,High,Complete,SCALE-25.04.1 (Fangtooth),,,,COMMUNITY_USER,,,,Bug
NAS-136745,124112,Remove Tester Update Profile (API),SCALE-25.10-BETA.1 (Goldeye),,,,Done,17/Jul/25 7:41 AM,17/Jul/25 8:34 AM,Blocker,Complete,,,,,IX_EMPLOYEE,,,,Improvement
NAS-136752,124120,Remove Auxiliary Kerberos settings,SCALE-25.10-BETA.1 (Goldeye),,,,Done,17/Jul/25 9:50 AM,15/Aug/25 12:00 PM,Medium,Complete,,,,,doc_impact,IX_EMPLOYEE,,,Bug
NAS-136758,124130,Take advantage of `immutable` field for groups,SCALE-25.10-BETA.1 (Goldeye),,,,Done,17/Jul/25 12:42 PM,22/Jul/25 5:25 AM,Medium,Complete,,,,,IX_EMPLOYEE,,,,Improvement
NAS-136760,124133,Webui should expose the `primary_kdc` field for kerberos realms,SCALE-25.10-BETA.1 (Goldeye),,,,Done,17/Jul/25 2:55 PM,15/Aug/25 12:00 PM,Medium,Complete,,,,,doc_impact,IX_EMPLOYEE,ready_for_assignment,,Improvement
NAS-136764,124141,"Cannot delete datasets, Path not found",SCALE-25.10-BETA.1 (Goldeye),SCALE-25.10-RC.1 (Goldeye),,,Done,17/Jul/25 11:32 PM,28/Jul/25 12:47 PM,Medium,Complete,SCALE-25.04.1 (Fangtooth),,,,COMMUNITY_USER,ready_for_assignment,,,Bug
NAS-136766,124147,Trying to update to latest nightly - Extra inputs are forbidden,SCALE-25.10-BETA.1 (Goldeye),,,,Done,18/Jul/25 5:20 AM,18/Jul/25 3:10 PM,Blocker,Complete,Master - TrueNAS Nightlies,,,,COMMUNITY_USER,ready_for_review,,,Bug
NAS-136780,124170,Improve webui linting,SCALE-25.10-ALPHA.1 (Goldeye),SCALE-25.10-BETA.1 (Goldeye),,,Done,18/Jul/25 12:05 PM,18/Jul/25 1:04 PM,Low,Complete,SCALE-25.10-BETA.1 (Goldeye),,,,IX_EMPLOYEE,,,,Improvement
NAS-136781,124171,"Shift iSCSI, nvme functional tests to `tests/sharing_protocols`",N/A,SCALE-25.10-BETA.1 (Goldeye),,,Done,18/Jul/25 12:52 PM,18/Jul/25 6:42 PM,Medium,Complete,,,,,IX_EMPLOYEE,,,,Improvement
NAS-136784,124176,Improve how we report GPUs which are critical to be isolated in the UI,SCALE-25.10-BETA.1 (Goldeye),,,,Done,18/Jul/25 4:40 PM,22/Jul/25 9:23 AM,Medium,Complete,,,,,IX_EMPLOYEE,,,,Improvement
NAS-136793,124192,Currently installed version [...] is newer than the newest version [...] provided by train TrueNAS-SCALE-Goldeye-Nightlies.,Master - TrueNAS Nightlies,SCALE-25.10-BETA.1 (Goldeye),,,Done,20/Jul/25 5:15 PM,24/Jul/25 12:28 PM,Undefined,Complete,,,,,IX_EMPLOYEE,,,,Bug
NAS-136794,124193,"bugclerk says go to ""system->advanced->save debug""  but its actually system->general settings->save debug to get a manual debug",SCALE-25.10-BETA.1 (Goldeye),,,,Done,20/Jul/25 5:33 PM,21/Jul/25 11:07 AM,Low,Complete,,,,,IX_EMPLOYEE,ready_for_review,,,Bug
NAS-136796,124198,Scrub task not starting on new pool,SCALE-25.04.2 (Fangtooth),SCALE-25.10-BETA.1 (Goldeye),,,Done,21/Jul/25 1:57 AM,22/Jul/25 7:38 AM,Low,Complete,SCALE-25.04.1 (Fangtooth),,,,COMMUNITY_USER,ready_for_assignment,,,Bug
NAS-136797,124202,eslint/plugin-kit,SCALE-25.10-BETA.1 (Goldeye),,,,Done,21/Jul/25 6:15 AM,05/Aug/25 7:51 AM,High,Complete,,,,,IX_EMPLOYEE,,,,Bug
NAS-136822,124251,Change update API to retrieve release notes summary,SCALE-25.10-BETA.1 (Goldeye),,,,Done,22/Jul/25 10:36 AM,24/Jul/25 10:25 AM,Medium,Complete,,,,,IX_EMPLOYEE,,,,Improvement
NAS-136851,124302,Containers page is under ui/instances URL,SCALE-25.10-BETA.1 (Goldeye),SCALE-25.10-RC.1 (Goldeye),,,Done,24/Jul/25 8:58 AM,29/Jul/25 4:15 AM,Medium,Complete,SCALE-25.10-ALPHA.1 (Goldeye),,,,IX_EMPLOYEE,,,,Bug
NAS-136852,124303,Remove all mentions of Incus,SCALE-25.10-BETA.1 (Goldeye),,,,Done,24/Jul/25 9:01 AM,29/Jul/25 4:15 AM,Medium,Complete,SCALE-25.10-BETA.1 (Goldeye),,,,IX_EMPLOYEE,,,,Bug
NAS-136861,124322,OpenStack Swift cloud provider authentification v3 fails due to required field tenant_id,SCALE-25.10-BETA.1 (Goldeye),SCALE-25.10-RC.1 (Goldeye),,,Done,25/Jul/25 5:36 AM,31/Jul/25 6:09 AM,Medium,Complete,SCALE-25.04.1 (Fangtooth),,,,COMMUNITY_USER,ready_for_assignment,,,Bug
NAS-136862,124324,"Add ""mounted"" to pool.dataset.details",SCALE-25.10-BETA.1 (Goldeye),SCALE-25.10-RC.1 (Goldeye),,,Done,25/Jul/25 9:04 AM,28/Jul/25 1:20 PM,Medium,Complete,SCALE-25.04.1 (Fangtooth),,,,IX_EMPLOYEE,ready_for_assignment,,,Bug
NAS-136873,124338,cli slow user input,SCALE-25.10-BETA.1 (Goldeye),SCALE-26.04-ALPHA.1 (Halfmoon),,,Done,25/Jul/25 6:17 PM,01/Aug/25 12:06 PM,Low,Complete,SCALE-25.04.1 (Fangtooth),,,,COMMUNITY_USER,ready_for_assignment,,,Bug
NAS-136878,124348,can't export the system config via cli on fangtooth,SCALE-25.10-BETA.1 (Goldeye),SCALE-25.10-RC.1 (Goldeye),SCALE-26.04-ALPHA.1 (Halfmoon),,Done,27/Jul/25 5:06 PM,22/Aug/25 2:01 PM,Low,Complete,SCALE-25.04.1 (Fangtooth),,,,COMMUNITY_USER,ready_for_assignment,,,Bug
NAS-136913,124451,Clean upgrade strategy code from apps validation,SCALE-25.10-BETA.1 (Goldeye),SCALE-26.04-BETA.1 (Halfmoon),,,Done,30/Jul/25 4:20 PM,19/Aug/25 4:50 PM,Low,Complete,,,,,IX_EMPLOYEE,,,,Improvement
NAS-136914,124453,Remove k8s migration validation logic from apps validation,SCALE-25.10-BETA.1 (Goldeye),SCALE-26.04-BETA.1 (Halfmoon),,,Done,30/Jul/25 4:21 PM,19/Aug/25 4:50 PM,Undefined,Complete,,,,,IX_EMPLOYEE,,,,Improvement
NAS-136929,124470,Update the payload of enabling/disabling TNC service ,SCALE-25.10-BETA.1 (Goldeye),SCALE-25.10-RC.1 (Goldeye),,,Done,31/Jul/25 10:23 AM,01/Aug/25 6:30 AM,High,Complete,,,,,IX_EMPLOYEE,,,,Bug
NAS-136941,124505,Update from Electric Eel Breaks Virtual Machines Page,SCALE-25.04.2.1 (Fangtooth),SCALE-25.10-BETA.1 (Goldeye),SCALE-26.04-ALPHA.1 (Halfmoon),,Done,31/Jul/25 6:51 PM,13/Aug/25 8:45 AM,Blocker,Complete,SCALE-25.04.2 (Fangtooth),,,,COMMUNITY_USER,,,,Bug
NAS-136946,124525,Fangtooth update 25.10.2 broke my Home Assistant Virtual Machine,SCALE-25.10-BETA.1 (Goldeye),SCALE-25.10-RC.1 (Goldeye),SCALE-26.04-ALPHA.1 (Halfmoon),,Done,01/Aug/25 3:53 AM,05/Aug/25 8:59 AM,Medium,Complete,SCALE-25.04.2 (Fangtooth),,,,COMMUNITY_USER,ready_for_review,,,Bug
NAS-136947,124529,switch to nvidia open source driver to bring in 50-series support,SCALE-25.10-BETA.1 (Goldeye),,,,Done,01/Aug/25 6:17 AM,15/Aug/25 11:09 AM,High,Complete,SCALE-25.10-BETA.1 (Goldeye),,,,doc_impact,IX_EMPLOYEE,release_notes_mention,,Defect
NAS-136949,124531,ignore libvirt* related services in service_remote on HA,SCALE-25.10-BETA.1 (Goldeye),,,,Done,01/Aug/25 7:32 AM,01/Aug/25 8:00 AM,High,Complete,SCALE-25.04.2.1 (Fangtooth),,,,IX_EMPLOYEE,,,,Improvement
NAS-136995,124620,update.status returns error,SCALE-25.10-BETA.1 (Goldeye),SCALE-25.10-RC.1 (Goldeye),SCALE-26.04-ALPHA.1 (Halfmoon),,Done,04/Aug/25 12:46 PM,19/Aug/25 3:03 PM,High,Complete,Master - TrueNAS Nightlies,,,,IX_EMPLOYEE,,,,Bug
NAS-137041,124703,Add new property in the system_info to indicate the completion of the installation.,SCALE-25.10-BETA.1 (Goldeye),SCALE-25.10-RC.1 (Goldeye),SCALE-26.04-ALPHA.1 (Halfmoon),,Done,06/Aug/25 7:55 AM,19/Aug/25 4:45 PM,Medium,Complete,,,,,IX_EMPLOYEE,,,,Improvement
NAS-137050,124721,ACL Setting Broken on 26.04,SCALE-25.10-BETA.1 (Goldeye),SCALE-25.10-RC.1 (Goldeye),SCALE-26.04-ALPHA.1 (Halfmoon),,Done,06/Aug/25 4:43 PM,07/Aug/25 7:29 AM,Medium,Complete,SCALE-26.04-ALPHA.1 (Halfmoon),,,,IX_EMPLOYEE,,,,Bug
NAS-137184,124982,add back VNC option to VM plugin,SCALE-25.10-BETA.1 (Goldeye),SCALE-25.10-RC.1 (Goldeye),SCALE-26.04-ALPHA.1 (Halfmoon),,Done,15/Aug/25 2:57 PM,18/Aug/25 7:22 AM,High,Complete,,,,,IX_EMPLOYEE,,,,Improvement
NAS-137185,124983,expose VNC options in VM plugin,SCALE-25.10-BETA.1 (Goldeye),SCALE-25.10-RC.1 (Goldeye),SCALE-26.04-ALPHA.1 (Halfmoon),,Done,15/Aug/25 2:59 PM,21/Aug/25 2:15 PM,High,Complete,,,,,doc_impact,IX_EMPLOYEE,tests_impact,,Improvement
NAS-137199,125014,Strange certificate error (TNC?),N/A,SCALE-25.10-BETA.1 (Goldeye),SCALE-25.10-RC.1 (Goldeye),SCALE-26.04-ALPHA.1 (Halfmoon),Done,17/Aug/25 10:17 AM,19/Aug/25 4:50 PM,Undefined,Complete,Master - TrueNAS Nightlies,,,,IX_EMPLOYEE,,,,Bug
